1,google.com
2,mail.ru
3,microsoft.com
4,facebook.com
5,cloudflare.com
6,googleapis.com
7,amazonaws.com
8,dzen.ru
9,youtube.com
10,apple.com
11,instagram.com
12,gstatic.com
13,office.com
14,twitter.com
15,akamai.net
16,gtld-servers.net
17,live.com
18,linkedin.com
19,googlevideo.com
20,akamaiedge.net
21,googletagmanager.com
22,amazon.com
23,fbcdn.net
24,akadns.net
25,microsoftonline.com
26,workers.dev
27,googleusercontent.com
28,windowsupdate.com
29,wikipedia.org
30,ax-msedge.net
31,doubleclick.net
32,azure.com
33,bing.com
34,github.com
35,t-msedge.net
36,whatsapp.net
37,office.net
38,fastly.net
39,netflix.com
40,wordpress.org
41,appsflyersdk.com
42,digicert.com
43,apple-dns.net
44,aaplimg.com
45,youtu.be
46,icloud.com
47,pinterest.com
48,googlesyndication.com
49,e2ro.com
50,trafficmanager.net
51,yahoo.com
52,sharepoint.com
53,nic.ru
54,dual-s-msedge.net
55,tiktokcdn.com
56,windows.net
57,ntp.org
58,whatsapp.com
59,domaincontrol.com
60,goo.gl
61,skype.com
62,adobe.com
63,msn.com
64,roblox.com
65,tiktok.com
66,gvt2.com
67,vimeo.com
68,spotify.com
69,x.com
70,cloudfront.net
71,gvt1.com
72,akam.net
73,tiktokv.com
74,gandi.net
75,ln-msedge.net
76,ytimg.com
77,bit.ly
78,qq.com
79,cloudflare.net
80,ripn.net
81,zoom.us
82,office365.com
83,yandex.net
84,opera.com
85,wordpress.com
86,samsung.com
87,root-servers.net
88,google-analytics.com
89,baidu.com
90,cloudflare-dns.com
91,cdninstagram.com
92,vedcdnlb.com
93,wa.me
94,edgekey.net
95,googledomains.com
96,windows.com
97,nginx.org
98,mozilla.org
99,googleadservices.com
100,reddit.com
101,nginx.com
102,ui.com
103,unity3d.com
104,a2z.com
105,msedge.net
106,wac-msedge.net
107,blogspot.com
108,edgesuite.net
109,t.me
110,vk.com
111,sentry.io
112,amazon-adsystem.com
113,okcdn.ru
114,europa.eu
115,snapchat.com
116,criteo.com
117,userapi.com
118,intuit.com
119,app-measurement.com
120,dns.google
121,aiv-cdn.net
122,bytefcdn-oversea.com
123,apache.org
124,github.io
125,adriver.ru
126,one.one
127,gravatar.com
128,dropbox.com
129,msftncsi.com
130,outlook.com
131,xiaomi.com
132,trbcdn.net
133,adnxs.com
134,paypal.com
135,telekom.de
136,nist.gov
137,tumblr.com
138,yandex.ru
139,steamserver.net
140,applovin.com
141,miit.gov.cn
142,app-analytics-services.com
143,discord.gg
144,3gppnetwork.org
145,archive.org
146,nih.gov
147,ggpht.com
148,pki.goog
149,spov-msedge.net
150,epicgames.com
151,forms.gle
152,tiktokcdn-us.com
153,dnsowl.com
154,cdn77.org
155,nytimes.com
156,amazon.dev
157,kaspersky.com
158,rubiconproject.com
159,macromedia.com
160,b-cdn.net
161,registrar-servers.com
162,reg.ru
163,flickr.com
164,vecdnlb.com
165,cloud.microsoft
166,wildberries.ru
167,ozon.ru
168,spo-msedge.net
169,rbxcdn.com
170,amazonvideo.com
171,miui.com
172,shopify.com
173,chatgpt.com
174,aliyuncs.com
175,medium.com
176,cdn-apple.com
177,taboola.com
178,soundcloud.com
179,cnn.com
180,adobe.io
181,shifen.com
182,w3.org
183,msftconnecttest.com
184,casalemedia.com
185,azurefd.net
186,android.com
187,theguardian.com
188,t.co
189,godaddy.com
190,pubmatic.com
191,a-msedge.net
192,doubleverify.com
193,salesforce.com
194,vungle.com
195,nflxso.net
196,forbes.com
197,myfritz.net
198,mts.ru
199,creativecommons.org
200,jomodns.com
201,edgecdn.ru
202,pv-cdn.net
203,discord.com
204,meraki.com
205,adtrafficquality.google
206,twitch.tv
207,gmail.com
208,ttvnw.net
209,example.com
210,bbc.com
211,sourceforge.net
212,bbc.co.uk
213,demdex.net
214,capcutapi.com
215,webex.com
216,ksyuncdn.com
217,kwai-pro.com
218,lencr.org
219,akamaized.net
220,azurewebsites.net
221,oracle.com
222,scorecardresearch.com
223,cpanel.net
224,sciencedirect.com
225,weather.com
226,wsdvs.com
227,roku.com
228,ebay.com
229,netangels.ru
230,mit.edu
231,ubuntu.com
232,mangosip.ru
233,imdb.com
234,researchgate.net
235,canva.com
236,adsrvr.org
237,cisco.com
238,doi.org
239,mikrotik.com
240,comcast.net
241,wixsite.com
242,openai.com
243,rocket-cdn.com
244,youtube-nocookie.com
245,googleblog.com
246,wikimedia.org
247,hubspot.com
248,linktr.ee
249,nr-data.net
250,nstld.com
251,mtgglobals.com
252,cdngslb.com
253,appsflyer.com
254,drom.ru
255,hp.com
256,who.int
257,omtrdc.net
258,mozilla.com
259,playstation.net
260,dell.com
261,aws.dev
262,crashlytics.com
263,static.microsoft
264,safebrowsing.apple
265,tinyurl.com
266,amazon.co.uk
267,dropcatch.com
268,moe.video
269,slack.com
270,ttdns2.com
271,inmobi.com
272,facebook.net
273,2mdn.net
274,launchpad.net
275,launchdarkly.com
276,grammarly.com
277,media-amazon.com
278,openx.net
279,alibabadns.com
280,stripe.com
281,vedsalb.com
282,dailymotion.com
283,notamedia.ru
284,avast.com
285,samsungcloud.com
286,samsungqbe.com
287,harvard.edu
288,ibm.com
289,14emeliaterracewestroxburyma02132.su
290,byteoversea.net
291,go.com
292,ampproject.org
293,nease.net
294,issuu.com
295,mzstatic.com
296,www.gov.uk
297,reuters.com
298,php.net
299,jsdelivr.net
300,shalltry.com
301,steampowered.com
302,media.net
303,tradingview.com
304,weebly.com
305,3lift.com
306,ea.com
307,alibaba.com
308,sharethrough.com
309,ivi.ru
310,bidswitch.net
311,nature.com
312,debian.org
313,ok.ru
314,booking.com
315,douyincdn.com
316,nominetdns.uk
317,smartadserver.com
318,weibo.com
319,huawei.com
320,heytapmobile.com
321,fastly-edge.com
322,dns.cn
323,aol.com
324,adobe.net
325,sberbank.ru
326,mynetname.net
327,springer.com
328,wiley.com
329,forter.com
330,vkuser.net
331,kaspersky-labs.com
332,opendns.com
333,washingtonpost.com
334,tiktokv.us
335,cdc.gov
336,overload.su
337,adsafeprotected.com
338,pages.dev
339,myshopify.com
340,azureedge.net
341,dailymail.co.uk
342,cloudns.net
343,wsj.com
344,etsy.com
345,appcenter.ms
346,xiaomi.net
347,autodesk.com
348,gnu.org
349,id5-sync.com
350,clarity.ms
351,akamaihd.net
352,consultant.ru
353,bloomberg.com
354,checkpoint.com
355,telegraph.co.uk
356,un.org
357,sc-cdn.net
358,espn.com
359,samsungcloudsolution.com
360,liadm.com
361,allawnos.com
362,netflix.net
363,arubanetworks.com
364,nasa.gov
365,dns-parking.com
366,wp.com
367,hichina.com
368,tripadvisor.com
369,vkontakte.ru
370,aliyun.com
371,stanford.edu
372,heytapdl.com
373,sohu.com
374,mi.com
375,ibyteimg.com
376,ipv4only.arpa
377,tiktokcdn-eu.com
378,tp-link.com
379,browser-intake-datadoghq.com
380,ezvizlife.com
381,scdn.co
382,tiktokrow-cdn.com
383,bilibili.com
384,kwaipros.com
385,my.com
386,fb-t-msedge.net
387,cdnbuild.net
388,google.de
389,f5.com
390,mediatek.com
391,businessinsider.com
392,vivoglobal.com
393,indeed.com
394,sc-gw.com
395,wb.ru
396,unsplash.com
397,independent.co.uk
398,naver.com
399,amazonalexa.com
400,expireddomains.com
401,nvidia.com
402,fandom.com
403,list-manage.com
404,ip-api.com
405,temu.com
406,duckduckgo.com
407,telegram.org
408,pixabay.com
409,plesk.com
410,globo.com
411,yandex.com
412,inner-active.mobi
413,dnsmadeeasy.com
414,imcmdb.net
415,tiktokv.eu
416,calendly.com
417,wyzecam.com
418,teamviewer.com
419,addtoany.com
420,sfx.ms
421,quora.com
422,qlivecdn.com
423,cookiedatabase.org
424,telegram.me
425,avcdn.net
426,steamcommunity.com
427,foxnews.com
428,cornell.edu
429,taobao.com
430,statista.com
431,amazon.de
432,pangle.io
433,googletagservices.com
434,duolingo.com
435,walmart.com
436,imgsmail.ru
437,kwai.net
438,firetvcaptiveportal.com
439,deepintent.com
440,ngenix.net
441,cnbc.com
442,g.page
443,xcal.tv
444,goodreads.com
445,mcafee.com
446,cdn20.com
447,live-video.net
448,uol.com.br
449,npr.org
450,goskope.com
451,l-msedge.net
452,behance.net
453,yahoo.co.jp
454,myhuaweicloud.com
455,alidns.com
456,verisign.com
457,zendesk.com
458,wbx2.com
459,line.me
460,bdydns.com
461,giphy.com
462,speedtest.net
463,nflximg.com
464,beian.gov.cn
465,online-metrix.net
466,b-msedge.net
467,avsxappcaptiveportal.com
468,comcast.com
469,wired.com
470,firefox.com
471,adverity.net
472,eventbrite.com
473,2gis.com
474,indexww.com
475,xhamster.com
476,gosuslugi.ru
477,google.com.br
478,wbbasket.ru
479,netease.com
480,rzone.de
481,slideshare.net
482,google.co.uk
483,icloud-content.com
484,amzn.to
485,mysql.com
486,crpt.ru
487,indiatimes.com
488,discord.media
489,s-msedge.net
490,nflxvideo.net
491,time.com
492,amplitude.com
493,scribd.com
494,msidentity.com
495,360yield.com
496,google.com.hk
497,blogger.com
498,usatoday.com
499,gitlab.com
500,uber.com
501,cdnvideo.ru
502,name-services.com
503,stackoverflow.com
504,mega.co.nz
505,gcdn.co
506,shein.com
507,erome.com
508,aliexpress.com
509,ietf.org
510,visualstudio.com
511,dccnet.com.cn
512,ys7.com
513,wix.com
514,deviantart.com
515,att.net
516,elasticbeanstalk.com
517,t-online.de
518,trustpilot.com
519,gdemoideti.ru
520,paloaltonetworks.com
521,timeweb.ru
522,free.fr
523,jquery.com
524,patreon.com
525,nypost.com
526,svc.ms
527,tencent-cloud.net
528,rlcdn.com
529,intel.com
530,ft.com
531,playstation.com
532,myqcloud.com
533,rutube.ru
534,bsky.app
535,vtwenty.com
536,imgur.com
537,eset.com
538,fast.com
539,cnet.com
540,spaceweb.pro
541,dotomi.com
542,360safe.com
543,hostgator.com
544,sentinelone.net
545,quickconnect.to
546,dnspod.net
547,sina.com.cn
548,docker.com
549,yahoodns.net
550,trendmicro.com
551,rakuten.co.jp
552,target.com
553,lijit.com
554,nel.goog
555,t-mobile.com
556,163.com
557,duckdns.org
558,byteglb.com
559,wps.com
560,gandi-ns.fr
561,hotjar.com
562,bidmachine.io
563,braze.com
564,newsweek.com
565,branch.io
566,tplinkcloud.com
567,atlassian.com
568,googlezip.net
569,squarespace.com
570,afternic.com
571,buzzfeed.com
572,sophos.com
573,intercom.io
574,awswaf.com
575,dynatrace.com
576,xboxlive.com
577,adobedtm.com
578,force.com
579,britannica.com
580,amazon.co.jp
581,amazontrust.com
582,tandfonline.com
583,berkeley.edu
584,run.app
585,oup.com
586,onetrust.com
587,surveymonkey.com
588,ozone.ru
589,yelp.com
590,hicloud.com
591,g.co
592,ovscdns.com
593,licdn.com
594,loc.gov
595,cncdn.com
596,qualtrics.com
597,ikea.com
598,accuweather.com
599,merriam-webster.com
600,nike.com
601,chinamobile.com
602,cookielaw.org
603,ted.com
604,rt.ru
605,rambler.ru
606,worldnic.com
607,telekom.net
608,cbsnews.com
609,shutterstock.com
610,twimg.com
611,noaa.gov
612,samsungapps.com
613,ca.gov
614,alicdn.com
615,pendo.io
616,cedexis.net
617,substack.com
618,uk.com
619,tapad.com
620,live.net
621,deepl.com
622,typekit.net
623,awsglobalaccelerator.com
624,aboutads.info
625,ieee.org
626,wattpad.com
627,newrelic.com
628,cmediahub.ru
629,stackadapt.com
630,fontawesome.com
631,avito.ru
632,easebar.com
633,tbcache.com
634,outbrain.com
635,smaato.net
636,jotform.com
637,conviva.com
638,xerox.com
639,oraclecloud.com
640,agkn.com
641,optimizely.com
642,mailchimp.com
643,he.net
644,elpais.com
645,yieldmo.com
646,cloudflareinsights.com
647,pinimg.com
648,bytefcdn-ttpus.com
649,w3schools.com
650,warnerbros.com
651,okta.com
652,name.com
653,techcrunch.com
654,wswebcdn.com
655,vidaahub.com
656,1rx.io
657,brave.com
658,ups.com
659,nic.network
660,gumgum.com
661,viber.com
662,wp.pl
663,azure-dns.com
664,amazon.fr
665,bytefcdn-ttpeu.com
666,bamgrid.com
667,whecloud.com
668,ring.com
669,crwdcntrl.net
670,ks-cdn.com
671,queniuaa.com
672,grammarly.io
673,salesforceliveagent.com
674,mlb.com
675,cambridge.org
676,amazon.ca
677,marriott.com
678,cdnhwc1.com
679,rackspace.net
680,service.gov.uk
681,onelink.me
682,quantserve.com
683,fb.com
684,spiegel.de
685,pvp.net
686,heylink.me
687,bidr.io
688,steamstatic.com
689,asus.com
690,withgoogle.com
691,klaviyo.com
692,lemonde.fr
693,redhat.com
694,livejournal.com
695,zillow.com
696,arxiv.org
697,33across.com
698,rbc.ru
699,rackspace.com
700,anydesk.com
701,hath.network
702,namebrightdns.com
703,box.com
704,creativecdn.com
705,mediafire.com
706,samsungacr.com
707,ya.ru
708,people.com
709,impervadns.net
710,exp-tas.com
711,bugsnag.com
712,shopee.co.id
713,xvideos.com
714,adform.net
715,tencent.com
716,theverge.com
717,unesco.org
718,dbankcloud.com
719,omnitagjs.com
720,bluehost.com
721,mixpanel.com
722,afilias-nst.info
723,hihonorcloud.com
724,t-bank-app.ru
725,myspace.com
726,sagepub.com
727,imrworldwide.com
728,fiverr.com
729,google.cn
730,contextweb.com
731,miwifi.com
732,life360.com
733,githubusercontent.com
734,disneyplus.com
735,disqus.com
736,iso.org
737,freepik.com
738,everesttech.net
739,bitrix24.ru
740,amazon.in
741,nic.io
742,latimes.com
743,bandcamp.com
744,clever.com
745,webmd.com
746,prnewswire.com
747,curseforge.com
748,a-mo.net
749,rakuten.com
750,nbcnews.com
751,chesselo2000.cfd
752,e-msedge.net
753,amazon.es
754,no-ip.com
755,edgecastdns.net
756,tds.net
757,volcfcdndvs.com
758,digitalocean.com
759,kunlungr.com
760,cox.net
761,homedepot.com
762,criteo.net
763,turn.com
764,telecid.ru
765,nikkei.com
766,discordapp.com
767,google.nl
768,adobedc.net
769,gamepass.com
770,liftoff.io
771,amazon.it
772,usps.com
773,bestbuy.com
774,me.com
775,lwsdns.com
776,markmonitor.com
777,lenovo.com
778,vivo.com.cn
779,onet.pl
780,investopedia.com
781,mdpi.com
782,betweendigital.com
783,washington.edu
784,telephony.goog
785,cdn90.cn
786,zemanta.com
787,recaptcha.net
788,aliyuncsslbintl.com
789,lgtvcommon.com
790,tremorhub.com
791,shopee.com.br
792,ssl-images-amazon.com
793,airbnb.com
794,teads.tv
795,pccc.com
796,166.com
797,lefigaro.fr
798,kunluncan.com
799,mayoclinic.org
800,allaboutcookies.org
801,unpkg.com
802,unrulymedia.com
803,xbox.com
804,primevideo.com
805,apnews.com
806,allegro.pl
807,ameblo.jp
808,aniview.com
809,afilias-nst.org
810,fda.gov
811,adjust.com
812,kontur.ru
813,zenecn.net
814,academia.edu
815,azure-devices.net
816,appspot.com
817,networkadvertising.org
818,datadoghq.com
819,hbr.org
820,cdn-vk.ru
821,welt.de
822,geobasket.ru
823,360.cn
824,healthline.com
825,change.org
826,vegalb.com
827,utorrent.com
828,kargo.com
829,onetag-sys.com
830,python.org
831,globalsign.com
832,firebaseio.com
833,atlassian.net
834,pornhub.com
835,bild.de
836,dreamhost.com
837,1drv.com
838,onlyfans.com
839,kaspi.kz
840,flashtalking.com
841,hindustantimes.com
842,upwork.com
843,go-mpulse.net
844,news.com.au
845,spotifycdn.com
846,genius.com
847,midea.com.cn
848,ovh.net
849,kickstarter.com
850,mozilla.net
851,fidelity.com
852,yximgs.com
853,usda.gov
854,usgovcloudapi.net
855,ebay.co.uk
856,figma.com
857,huffpost.com
858,theatlantic.com
859,dbankcloud.cn
860,themeforest.net
861,bankofamerica.com
862,agoda.com
863,supercell.com
864,nationalgeographic.com
865,readthedocs.io
866,zoho.com
867,princeton.edu
868,youku.com
869,discogs.com
870,sportradar.com
871,rspamd.com
872,linklist.bio
873,stickyadstv.com
874,eu-1-id5-sync.com
875,cursor.sh
876,otto.de
877,mailchi.mp
878,typeform.com
879,nic.tv
880,intentiq.com
881,cloudinary.com
882,synology.com
883,threads.com
884,aiv-delivery.net
885,cdnhwc2.com
886,tplinknbu.com
887,btloader.com
888,edna.ru
889,classlink.com
890,adguard-vpn.online
891,russianpost.ru
892,fbsbx.com
893,sapo.pt
894,hm.com
895,prodregistryv2.org
896,biblegateway.com
897,singular.net
898,ctdns.cn
899,redd.it
900,pexels.com
901,lowes.com
902,samsungosp.com
903,shopifysvc.com
904,kick.com
905,attn.tv
906,onesignal.com
907,netgear.com
908,mckinsey.com
909,dbankcloud.ru
910,openstreetmap.org
911,segment.io
912,epa.gov
913,smartthings.com
914,nhk.or.jp
915,onlinepbx.ru
916,whitehouse.gov
917,realtor.com
918,adgrx.com
919,vkuseraudio.net
920,seedtag.com
921,daum.net
922,moloco.com
923,contentsquare.net
924,crazygames.com
925,instructure.com
926,yimg.com
927,dribbble.com
928,shopeemobile.com
929,pbs.org
930,chaturbate.com
931,sedo.com
932,hugedomains.com
933,linode.com
934,amazon.com.br
935,worldbank.org
936,character.ai
937,ebay.de
938,ubnt.com
939,presage.io
940,bytefcdn.com
941,seznam.cz
942,samsungcloudsolution.net
943,arcgis.com
944,nintendo.net
945,capcut.com
946,chess.com
947,binance.com
948,ad.gt
949,corriere.it
950,immedia-semi.com
951,mgid.com
952,repubblica.it
953,kueezrtb.com
954,adblockplus.org
955,mercadolivre.com.br
956,bx-msedge.net
957,huffingtonpost.com
958,rayjump.com
959,pandora.com
960,microsoftpersonalcontent.com
961,4dex.io
962,kohls.com
963,ryanair.com
964,google.co.jp
965,herokudns.com
966,interia.pl
967,xnxx.com
968,playrix.com
969,mercadolibre.com.ar
970,www.gov.br
971,quizlet.com
972,elmundo.es
973,amazon.com.au
974,nexusmods.com
975,kwai.com
976,google.fr
977,eporner.com
978,isappcloud.com
979,costco.com
980,elle.com
981,ipify.org
982,bol.com
983,statcounter.com
984,caixa.gov.br
985,rainberrytv.com
986,pixiv.net
987,nelreports.net
988,kslawin.com
989,columbia.edu
990,focus.de
991,jetbrains.com
992,frontiersin.org
993,tiktokw.us
994,leparisien.fr
995,onedrive.com
996,sofascore.com
997,garmin.com
998,split.io
999,staples.com
1000,agora.io
1001,blueapron.com
1002,ancestry.com
1003,lavanguardia.com
1004,heytapmobi.com
1005,thenai.org
1006,weforum.org
1007,postrelease.com
1008,note.com
1009,fwmrm.net
1010,beeline.ru
1011,hilton.com
1012,leiniao.com
1013,mgslb.com
1014,msftauth.net
1015,xiaohongshu.com
1016,cloudsink.net
1017,flipkart.com
1018,selectel.ru
1019,vk.ru
1020,olx.com.br
1021,cbc.ca
1022,ouest-france.fr
1023,alphonso.tv
1024,xing.com
1025,umich.edu
1026,beget.com
1027,docomo.ne.jp
1028,akamaitech.net
1029,deloitte.com
1030,fbpigeon.com
1031,abc.es
1032,redfin.com
1033,tinkoff.ru
1034,infobae.com
1035,tsyndicate.com
1036,ecosia.org
1037,kwcdn.com
1038,nic.video
1039,state.gov
1040,ipinfo.io
1041,transsion-os.com
1042,xhscdn.com
1043,app-analytics-services-att.com
1044,marca.com
1045,ltwebstatic.com
1046,bfmtv.com
1047,sascdn.com
1048,goal.com
1049,google.ca
1050,skroutz.gr
1051,as.com
1052,businesswire.com
1053,ttlivecdn.com
1054,gsmarena.com
1055,zoom.com
1056,letterboxd.com
1057,surfshark.com
1058,kleinanzeigen.de
1059,ipredictive.com
1060,terra.com.br
1061,meethue.com
1062,inkuai.com
1063,ilovepdf.com
1064,usnews.com
1065,trendyol.com
1066,ubi.com
1067,vkuserphoto.ru
1068,mozgcp.net
1069,apple.news
1070,moneycontrol.com
1071,leboncoin.fr
1072,sahibinden.com
1073,amazon.com.mx
1074,umbrella.com
1075,theconversation.com
1076,atomile.com
1077,alipaydns.com
1078,aparat.com
1079,bt.co
1080,ovscdns.net
1081,mythad.com
1082,finn.no
1083,rapid7.com
1084,ultimate-guitar.com
1085,poki.com
1086,cspserver.net
1087,n-tv.de
1088,yandex.com.tr
1089,fortune.com
1090,ameba.jp
1091,idnes.cz
1092,ndr.de
1093,megafon.ru
1094,smilewanted.com
1095,tiktokpangle.us
1096,moengage.com
1097,hostgator.com.br
1098,samsungcloud.tv
1099,coupang.com
1100,byteoversea.com
1101,coursera.org
1102,palmplaystore.com
1103,bitdefender.net
1104,xhcdn.com
1105,incapdns.net
1106,youronlinechoices.com
1107,economist.com
1108,abovedomains.com
1109,skysports.com
1110,vivo.com
1111,spamhaus.org
1112,dyndns.org
1113,wise.com
1114,bytedns1.com
1115,livedoor.jp
1116,dafont.com
1117,premierleague.com
1118,tnaflix.com
1119,skyhigh.cloud
1120,dns-shop.ru
1121,hepsiburada.com
1122,doppiocdn.com
1123,aftonbladet.se
1124,i18n-pglstatp.com
1125,lanacion.com.ar
1126,trello.com
1127,franceinfo.fr
1128,xhamster.desi
1129,mercadolibre.com.mx
1130,herokuapp.com
1131,youporn.com
1132,squarespacedns.com
1133,notion.so
1134,exelator.com
1135,evotor.ru
1136,fb.me
1137,hltv.org
1138,archiveofourown.org
1139,flashscore.com
1140,yandex.by
1141,1c.ru
1142,att.com
1143,lequipe.fr
1144,biomedcentral.com
1145,susercontent.com
1146,douyinliving.com
1147,pusher.com
1148,tabor.ru
1149,psychologytoday.com
1150,india.com
1151,furaffinity.net
1152,hik-connect.com
1153,jimdo.com
1154,gismeteo.ru
1155,riotgames.com
1156,zdnscloud.com
1157,olx.pl
1158,ox.ac.uk
1159,tabelog.com
1160,ad.nl
1161,savefrom.net
1162,elconfidencial.com
1163,wayground.com
1164,microsoftapp.net
1165,nhentai.net
1166,google.es
1167,rule34.xxx
1168,nu.nl
1169,mmechocaptiveportal.com
1170,jw.org
1171,pornpics.com
1172,ixbt.com
1173,bet365.com
1174,faphouse.com
1175,cookpad.com
1176,remove.bg
1177,dmm.co.jp
1178,hurriyet.com.tr
1179,vnexpress.net
1180,perfectdomain.com
1181,amazon.com.tr
1182,cootlogix.com
1183,yale.edu
1184,vg.no
1185,richaudience.com
1186,spankbang.com
1187,digikala.com
1188,apkpure.net
1189,rightmove.co.uk
1190,mydramalist.com
1191,wowhead.com
1192,mercari.com
1193,tbs.co.jp
1194,janitorai.com
1195,tradplusad.com
1196,gofundme.com
1197,boyfriendtv.com
1198,lichess.org
1199,wplace.live
1200,ixl.com
1201,beget.ru
1202,mtu.ru
1203,espncricinfo.com
1204,itmedia.co.jp
1205,adaether.com
1206,su89-cdn.net
1207,mundodeportivo.com
1208,apa.org
1209,indiamart.com
1210,cnnbrasil.com.br
1211,ynet.co.il
1212,plos.org
1213,argos.co.uk
1214,cricbuzz.com
1215,mirtesen.ru
1216,acesso.gov.br
1217,abc.net.au
1218,divar.ir
1219,sonobi.com
1220,txnhh.com
1221,gazzetta.it
1222,xfinity.com
1223,psu.edu
1224,zdnet.com
1225,tendawifi.com
1226,cdiscount.com
1227,sportybet.com
1228,miro.com
1229,phncdn.com
1230,namu.wiki
1231,fanfiction.net
1232,hln.be
1233,ladepeche.fr
1234,company-target.com
1235,tgju.org
1236,actu.fr
1237,redtube.com
1238,upenn.edu
1239,naukri.com
1240,rfihub.com
1241,wordwall.net
1242,roskazna.ru
1243,eepurl.com
1244,funpay.com
1245,nexthink.cloud
1246,idealista.com
1247,marktplaats.nl
1248,merkur.de
1249,ddns.net
1250,livescore.com
1251,livedoor.com
1252,makemytrip.com
1253,lc.chat
1254,snackvideo.in
1255,milliyet.com.tr
1256,hotpepper.jp
1257,excite.co.jp
1258,jd.com
1259,fetlife.com
1260,wikihow.com
1261,myntra.com
1262,turkiye.gov.tr
1263,donga.com
1264,emag.ro
1265,nesine.com
1266,igamecj.com
1267,google.co.in
1268,service-now.com
1269,ultradns.com
1270,odoo.com
1271,ertelecom.ru
1272,akismet.com
1273,calculator.net
1274,sport.es
1275,subito.it
1276,noodlemagazine.com
1277,wetter.com
1278,bilibili.tv
1279,autotrader.co.uk
1280,donmai.us
1281,tvn24.pl
1282,dantri.com.vn
1283,xnxx-cdn.com
1284,xhamster2.com
1285,yandexcloud.net
1286,zenlogic.net
1287,meteofrance.com
1288,torob.com
1289,jusbrasil.com.br
1290,nintendo.com
1291,deezer.com
1292,simpcity.cr
1293,cam4.com
1294,dlsite.com
1295,ap4r.com
1296,eu.com
1297,zhihu.com
1298,dcinside.com
1299,lgtvsdp.com
1300,mbga.jp
1301,youjizz.com
1302,bb2r.com
1303,innovid.com
1304,thisvid.com
1305,gcash.com
1306,dw.com
1307,bmj.com
1308,fdown.net
1309,varzesh3.com
1310,ucla.edu
1311,mangabuff.ru
1312,oneindia.com
1313,xhamster19.com
1314,videy.co
1315,va.gov
1316,russianfood.com
1317,aternos.org
1318,cloudflareclient.com
1319,litnet.com
1320,avira.com
1321,obqj2.com
1322,nps.gov
1323,sotwe.com
1324,opera-api2.com
1325,novinky.cz
1326,emptyfieldgrassm.com
1327,cm65.com
1328,foggymorningmist.com
1329,e621.net
1330,madurird.com
1331,xhaccess.com
1332,cardgames.io
1333,jagran.com
1334,haberler.com
1335,jstor.org
1336,starfall.com
1337,metropoles.com
1338,aznude.com
1339,imhentai.xxx
1340,marketwatch.com
1341,iporntv.net
1342,hianime.to
1343,hitomi.la
1344,woxh.world
1345,gst.gov.in
1346,xhopen.com
1347,asuracomic.net
1348,pornhat.com
1349,e-hentai.org
1350,xnxx.tv
1351,nic.zone
1352,rule34video.com
1353,xvv1deos.com
1354,missav.ws
1355,ixxx.com
1356,xxxbp.tv
1357,jalan.net
1358,x3os.com
1359,newyorker.com
1360,9animetv.to
1361,kemono.cr
1362,amazon.eg
1363,dagbladet.no
1364,incometax.gov.in
1365,xhamster1.desi
1366,boardgamearena.com
1367,apple-cloudkit.com
1368,sexvid.xxx
1369,pornhub.org
1370,superhosting.bg
1371,jable.tv
1372,midilibre.fr
1373,bookmyshow.com
1374,statuspage.io
1375,hamsterix.today
1376,p2yn.com
1377,tenki.jp
1378,oricon.co.jp
1379,xvideos-cdn.com
1380,bookmark.xxx
1381,xnxx.health
1382,weathernews.jp
1383,porno365.bike
1384,nikkansports.com
1385,mediaexpert.pl
1386,justdial.com
1387,oecd.org
1388,superporn.com
1389,leroymerlin.fr
1390,meb.gov.tr
1391,amt3.com
1392,fmkorea.com
1393,navitime.co.jp
1394,ukdevilz.com
1395,dkitrxmdwoqruvsi.net
1396,imagefap.com
1397,game8.jp
1398,sozcu.com.tr
1399,18comic.vip
1400,suumo.jp
1401,ilmeteo.it
1402,idealista.it
1403,syosetu.com
1404,irs.gov
1405,iltalehti.fi
1406,index.hr
1407,granbluefantasy.jp
1408,1mg.com
1409,youm7.com
1410,24h.com.vn
1411,tori.fi
1412,khabaronline.ir
1413,bato.to
1414,uidai.gov.in
1415,sex-studentki.team
1416,protothema.gr
1417,carsensor.net
1418,badoo.com
1419,cityheaven.net
1420,otomoto.pl
1421,hdporncomics.com
1422,wpguardian.com
1423,jutarnji.hr
1424,blic.rs
1425,ntppool.org
1426,purepeople.com
1427,ficbook.net
1428,hollywoodbets.net
1429,karnataka.gov.in
1430,gelbooru.com
1431,beboo.ru
1432,wpguardian.io
1433,eltiempo.es
1434,ekstrabladet.dk
1435,alipay.com
1436,ssstik.io
1437,zdnscloud.cn
1438,namasha.com
1439,3bmeteo.com
1440,betway.co.za
1441,kooora.com
1442,gamewith.jp
1443,snaptik.app
1444,filmweb.pl
1445,trustarc.com
1446,luxuretv.com
1447,google.ru
1448,fuq.com
1449,mat6tube.com
1450,motherless.com
1451,programme-tv.net
1452,dhl.com
1453,sweb.ru
1454,fapello.com
1455,xbato.com
1456,aniwatchtv.to
1457,expo2025.or.jp
1458,pussyspace.com
1459,inven.co.kr
1460,tokyomotion.net
1461,myreadingmanga.info
1462,webempresa.eu
1463,sxyprn.com
1464,sun.com
1465,eenadu.net
1466,liteapks.com
1467,forebet.com
1468,namestudio.com
1469,zozo.jp
1470,mangago.me
1471,testbook.com
1472,manoramaonline.com
1473,hqporner.com
1474,sondakika.com
1475,njuskalo.hr
1476,cafef.vn
1477,xvideos2.com
1478,porn300.com
1479,fantia.jp
1480,xnxx.es
1481,kompoz2.com
1482,mangabuddy.com
1483,xvideos.es
1484,wshifen.com
1485,cmoa.jp
1486,toyhou.se
1487,bato.si
1488,redwap.sex
1489,xvideos3.com
1490,fastdl.app
1491,69shuba.com
1492,hdtube.porn
1493,novelbin.com
1494,bt.dk
1495,messenger.com
1496,missav.live
1497,exhentai.org
1498,prokerala.com
1499,123av.com
1500,livehindustan.com
1501,banvenez.com
1502,missav123.com
1503,nosv.org
1504,xnxx-arabic.com
1505,musicdel.ir
1506,abola.pt
1507,supjav.com
1508,komiku.org
1509,doubtnut.com
1510,aucey.com
1511,sssinstagram.com
1512,hanime1.me
1513,property24.com
1514,qorno.com
1515,ifilo.net
1516,worldfcdn2.com
1517,wnacg.com
1518,missav.ai
1519,ptt.cc
1520,ninisite.com
1521,faphouse1.com
1522,moviebox.ph
1523,carwale.com
1524,upmusics.com
1525,xnxx2.com
1526,goodreturns.in
1527,case-battle.life
1528,desitales2.com
1529,tesla.com
1530,taktube.net
1531,shahvani.com
1532,luticlip.com
1533,kamababa.desi
1534,digitaloceanspaces.com
1535,nya2.com
1536,listcrawler.eu
1537,faphouse2.com
1538,fatalmodel.com
1539,aajtak.in
1540,uci.edu
1541,vice.com
1542,blockdh100c.co
1543,sexlog.com
1544,chordtela.com
1545,blockdh100b.net
1546,kingbokep.tv
1547,lausd.net
1548,epfindia.gov.in
1549,casinoplus.com.ph
1550,olimpbet.kz
1551,geny.com
1552,ruliweb.com
1553,cloud.com
1554,rokna.net
1555,croxyproxy.com
1556,xhspot.com
1557,battwo.com
1558,arca.live
1559,cardmarket.com
1560,ppomppu.co.kr
1561,vlr.gg
1562,azet.sk
1563,meteociel.fr
1564,apigee.net
1565,search-redirect.com
1566,jut.su
1567,porno666.fo
1568,xhamster43.desi
1569,serviporno.com
1570,joyclub.de
1571,nsone.net
1572,parivahan.gov.in
1573,netkeiba.com
1574,psiphon.news
1575,okxxx1.com
1576,mto.to
1577,wisc.edu
1578,onlinesbi.sbi
1579,goojara.to
1580,wto.to
1581,sinoptik.ua
1582,rakuten-sec.co.jp
1583,xhcopy.life
1584,an1.com
1585,xosodaiphat.com
1586,bingoplus.com
1587,mobile.de
1588,y2mate.nu
1589,mongodb.com
1590,fc2.com
1591,www.gob.mx
1592,nickfinder.com
1593,bikewale.com
1594,rocketmoney.dev
1595,alura.com.br
1596,ladies.de
1597,skipthegames.com
1598,absher.sa
1599,syosetu.org
1600,playtime.ph
1601,skokka.com
1602,nova.rs
1603,natomanga.com
1604,hochi.news
1605,happymh.com
1606,theqoo.net
1607,patria.org.ve
1608,mechacomic.jp
1609,twpornstars.com
1610,snapinsta.to
1611,animanch.com
1612,mangakakalot.gg
1613,52shuku.net
1614,imgsrc.ru
1615,slicedrive.com
1616,fabswingers.com
1617,tiktokio.com
1618,fanmtl.com
1619,kakuyomu.jp
1620,arbada.com
1621,smi2.net
1622,diretta.it
1623,anwap.today
1624,truyenqqgo.com
1625,xpaja.net
1626,screener.in
1627,xoso.com.vn
1628,autoplius.lt
1629,lk21official.cc
1630,pussyboy.net
1631,bakusai.com
1632,xhamster.best
1633,mamastar.jp
1634,betika.com
1635,shahrekhabar.com
1636,sakshi.com
1637,googll.store
1638,sexalarab.com
1639,gtm-a2b2.com
1640,piccoma.com
1641,sexvid.pro
1642,promiedos.com.ar
1643,czbooks.net
1644,zefoy.com
1645,mozaws.net
1646,njavtv.com
1647,saednews.com
1648,ijavhd.com
1649,rexporn.sex
1650,manhwaweb.com
1651,eroterest.net
1652,sexemodel.com
1653,tktube.com
1654,sport24.gr
1655,komikcast.li
1656,arabx.cam
1657,zonatmo.com
1658,adrta.com
1659,xvideos-ar.com
1660,goal6.co
1661,arabtnt.com
1662,justindianporn.info
1663,pornocarioca.com
1664,fabguys.com
1665,lectormangaa.com
1666,sidrachain.com
1667,tmohentai.com
1668,xsmn.mobi
1669,jaya9bangladesh.com
1670,fsiblog5.com
1671,footprintdns.com
1672,xxx18hot.com
1673,ss.com
1674,tjk.org
1675,momon-ga.com
1676,wikitree.co.kr
1677,anoboy.app
1678,admanmedia.com
1679,betking.com
1680,pluto.tv
1681,apornvideo.com
1682,viralkand.com
1683,ojogodobicho.com
1684,conectate.com.do
1685,skelbiu.lt
1686,remangas.net
1687,exclusive-spin.com
1688,fedex.com
1689,az24.vn
1690,freejobalert.com
1691,hulu.com
1692,publi24.ro
1693,flashscore.fr
1694,jra.go.jp
1695,flashscore.mobi
1696,humoruniv.com
1697,escortbabylon.net
1698,scan-manga.com
1699,simontokx.asia
1700,wac-dc-msedge.net
1701,dogdrip.net
1702,escort.club
1703,ganamos.io
1704,algolia.net
1705,botinok.porn
1706,jra.jp
1707,betpawa.ug
1708,turbo.az
1709,xxxbfvideos.to
1710,bakecaincontrii.com
1711,twinsfun.com
1712,thscore.mobi
1713,espn.com.ve
1714,sextop1.page
1715,8888.porn
1716,ecnavi.jp
1717,arionplay.com
1718,xnhau.sh
1719,av19.me
1720,shaalaa.com
1721,girlschannel.net
1722,avsee.ru
1723,triunfobet.com
1724,gree-apps.net
1725,bpexch.net
1726,anime-sama.fr
1727,gekso.xyz
1728,mobiledokan.com
1729,annunci69.it
1730,sarkariresult.com.cm
1731,tuazar.com
1732,oddspark.com
1733,yasyadong.cc
1734,banxia.la
1735,pmkisan.gov.in
1736,afribaba.com
1737,amagi.tv
1738,hdhub4u.gs
1739,wannonce.com
1740,bebesong.com
1741,salonboard.com
1742,allyonostore.com
1743,phe18.vip
1744,bhojpurisex.site
1745,livescore.cz
1746,filesdl.site
1747,gimy.ai
1748,xxxhindi.to
1749,dto.jp
1750,linkmake.in
1751,yako.gg
1752,oolveri.com
1753,site777.jp
1754,letras.mus.br
1755,com.se
1756,nkiri.com
1757,phimxxx.ai
1758,typekit.com
1759,sexdep.blog
1760,pastelink.id
1761,sattamatkadpboss.co
1762,elephantbet.co.mz
1763,tjsp.jus.br
1764,xn--72cz9dvb1cxc.net
1765,xn--72c6c2a3an.com
1766,kingbokep.pro
1767,domainmarket.com
1768,stackexchange.com
1769,udiseplus.gov.in
1770,mingky01.net
1771,tixcraft.com
1772,satta-king-fast.com
1773,staseraintv.com
1774,dpboss.boston
1775,usercontent.goog
1776,freesexkahani.com
1777,antarvasna3.com
1778,tubidy.center
1779,gree-pf.net
1780,xvideosporno.blog.br
1781,indianbfvideos.com
1782,kkstories.com
1783,mangaraw.ac
1784,playinmatch.com
1785,poshantracker.in
1786,tvwiki22.com
1787,rusoska2.com
1788,lotterysambadresult.in
1789,ibomma.foo
1790,desitelugusex.com
1791,satta-king-fixed-no.in
1792,platorelay.com
1793,nkryu17dc.com
1794,tamildhool.net
1795,sattamatkano1.me
1796,hdhub4u.menu
1797,sattasport.in
1798,5movierulz.irish
1799,isaidub.spot
1800,nirvam.it
1801,66lottery20.com
1802,mobcup.fm
1803,spboss.mobi
1804,beautycase.fr
1805,5movierulz.cheap
1806,hdhub4u.build
1807,hef.co.ke
1808,hdhub4u.navy
1809,filmyfly.lt
1810,moviesda12.net
1811,xn--3-5wfa4ehe3i1bd1ood.com
1812,playtime.com.ph
1813,5movierulz.poker
1814,5movierulz.salon
1815,bollyflix.faith
1816,filmyzilla19.com
1817,filmyfly.navy
1818,filmyfly.reisen
1819,5movierulz.fish
1820,kolkataff.in
1821,moviezwap.town
1822,videq.ws
1823,xn--l3cg4ad7bc1e4a8gh3c.com
1824,nregastrep.nic.in
1825,funinexchange247.com
1826,mp4moviez.holiday
1827,wfwf441.com
1828,videq.one
1829,blacktoon387.com
1830,blacktoon388.com
1831,mnregaweb4.nic.in
1832,moviesda12.com
1833,vegamovies.ly
1834,videqstream.com
1835,videqview.com
1836,xvideo.vlog.br
1837,vtb.ru
1838,wiktionary.org
1839,letsencrypt.org
1840,pewresearch.org
1841,sitescout.com
1842,typepad.com
1843,nic.media
1844,livechatinc.com
1845,ibytedtos.com
1846,vmware.com
1847,iana.org
1848,4wps.net
1849,canada.ca
1850,tawk.to
1851,amd.com
1852,buydomains.com
1853,mts-ws.net
1854,umn.edu
1855,business.site
1856,nest.com
1857,telegra.ph
1858,mashable.com
1859,dnse0.com
1860,oreilly.com
1861,pubmnet.com
1862,cam.ac.uk
1863,themeisle.com
1864,riotcdn.net
1865,tubi.io
1866,overwolf.com
1867,elegantthemes.com
1868,postgresql.org
1869,rtbcdn.ru
1870,medicalnewstoday.com
1871,variety.com
1872,webhostbox.net
1873,acs.org
1874,fedoraproject.org
1875,deltaork.com
1876,datadome.co
1877,msauth.net
1878,eff.org
1879,aka.ms
1880,ad-delivery.net
1881,ui-dns.com
1882,cmu.edu
1883,us.com
1884,elsevier.com
1885,sendgrid.net
1886,fb.watch
1887,threads.net
1888,hpeprint.com
1889,admin.ch
1890,avito.st
1891,twilio.com
1892,coinbase.com
1893,rings.solutions
1894,fastcompany.com
1895,samsungknox.com
1896,mathtag.com
1897,ci-servers.net
1898,constantcontact.com
1899,mega.nz
1900,cpanel.com
1901,jamfcloud.com
1902,sciencedaily.com
1903,savvis.net
1904,scientificamerican.com
1905,canvas-user-content.com
1906,usgovtrafficmanager.net
1907,volcgslb.com
1908,meetup.com
1909,medallia.com
1910,sciencemag.org
1911,ci-servers.org
1912,simpli.fi
1913,ovhcloud.com
1914,tripod.com
1915,gizmodo.com
1916,smi2.ru
1917,ezvizru.com
1918,ohthree.com
1919,utexas.edu
1920,jino.ru
1921,cdek.ru
1922,bitdefender.com
1923,jwplayer.com
1924,truste.com
1925,docker.io
1926,amap.com
1927,bootstrapcdn.com
1928,ucsd.edu
1929,google.co.id
1930,unmsapp.com
1931,immunet.com
1932,ftc.gov
1933,azure.net
1934,lfstrm.tv
1935,ns1p.net
1936,bk6bba-resources.com
1937,expedia.com
1938,akamaitechnologies.com
1939,geocities.com
1940,udemy.com
1941,ru.com
1942,armgs.team
1943,gvt3.com
1944,stripe.network
1945,connatix.com
1946,evernote.com
1947,sky.com
1948,yellowblue.io
1949,xinhuanet.com
1950,datto.com
1951,orange.fr
1952,site.com
1953,americanexpress.com
1954,ovh.com
1955,getbootstrap.com
1956,vivox.com
1957,kernel.org
1958,brusnika.tech
1959,asu.edu
1960,easy4ipcloud.com
1961,kbz0pwvxmv.com
1962,barnesandnoble.com
1963,about.com
1964,acm.org
1965,gartner.com
1966,springserve.com
1967,google.com.au
1968,fao.org
1969,mojohost.com
1970,si.edu
1971,redditstatic.com
1972,bbb.org
1973,adobess.com
1974,apdcdn.com
1975,ctmail.com
1976,thesun.co.uk
1977,px-cloud.net
1978,regenjas.nl
1979,senderscore.com
1980,spaceweb.ru
1981,bitrixphone.com
1982,orderbox-dns.com
1983,tbank.ru
1984,rncdn7.com
1985,samsungelectronics.com
1986,siemens.com
1987,123tt.ru
1988,loopme.me
1989,sharethis.com
1990,matterport.com
1991,azure-api.net
1992,politico.com
1993,ntp.br
1994,aljazeera.com
1995,safety.google
1996,translate.goog
1997,bumlam.com
1998,igodigital.com
1999,google.it
2000,uisp.com
2001,bund.de
2002,mfadsrvr.com
2003,globenewswire.com
2004,churnzero.net
2005,hostinger.com
2006,web.de
2007,cloudapp.net
2008,mirror.co.uk
2009,sectigo.com
2010,techtarget.com
2011,privacymanager.io
2012,wpastra.com
2013,iponweb.net
2014,ign.com
2015,wechat.com
2016,here.com
2017,hh.ru
2018,bigo.sg
2019,playfabapi.com
2020,arstechnica.com
2021,clevelandclinic.org
2022,uchicago.edu
2023,hwcdn.ru
2024,bunnyinfra.net
2025,nextdoor.com
2026,klarna.com
2027,mapbox.com
2028,office365.us
2029,meitu.com
2030,ioam.de
2031,thelancet.com
2032,sc-static.net
2033,wpengine.com
2034,segment.com
2035,jhu.edu
2036,adnxs.net
2037,hcaptcha.com
2038,dropboxapi.com
2039,jamanetwork.com
2040,vox.com
2041,rostelecom.ru
2042,tenor.com
2043,splashtop.com
2044,n-able.com
2045,intercom.com
2046,science.org
2047,spot.im
2048,netlify.app
2049,getpocket.com
2050,wcdnga.com
2051,adroll.com
2052,app.link
2053,google.pl
2054,isnssdk.com
2055,w55c.net
2056,okx.com
2057,wsglb0.com
2058,umeng.com
2059,shop.app
2060,plex.tv
2061,eyeota.net
2062,www.nhs.uk
2063,alp.ru
2064,ed.gov
2065,blizzard.com
2066,gtld.biz
2067,nic.uk
2068,acronis.com
2069,adidas.com
2070,huggingface.co
2071,bing.net
2072,tenable.com
2073,dbankcdn.com
2074,poshvine.com
2075,restream-media.net
2076,rosminzdrav.ru
2077,magonet.ru
2078,snapkit.com
2079,asana.com
2080,chartbeat.net
2081,zpath.net
2082,strava.com
2083,entrust.net
2084,proofpoint.com
2085,script.ac
2086,squareup.com
2087,websitewelcome.com
2088,mgts.ru
2089,smadex.com
2090,inc.com
2091,moodle.org
2092,symantec.com
2093,feedburner.com
2094,litix.io
2095,bfmio.com
2096,hoyoverse.com
2097,htzq.com.cn
2098,parklogic.com
2099,slate.com
2100,servicepipe.ru
2101,drweb.com
2102,proofpoint.us
2103,vercel.app
2104,logitech.com
2105,akamai.com
2106,sbis.ru
2107,themoviedb.org
2108,alikunlun.com
2109,wunderground.com
2110,usgs.gov
2111,pnas.org
2112,pcmag.com
2113,samsungiotcloud.com
2114,e-volution.ai
2115,eu.org
2116,secureserver.net
2117,webrootcloudav.com
2118,comcor-tv.ru
2119,secb2b.com
2120,lego.com
2121,usercontent.microsoft
2122,mmcdn.com
2123,appier.net
2124,mwbsys.com
2125,eskimi.com
2126,trellix.com
2127,photobucket.com
2128,tq-tungsten.com
2129,primis.tech
2130,adtelligent.com
2131,ringcentral.com
2132,t-s1-msedge.net
2133,garena.com
2134,maricopa.gov
2135,dnsv1.com
2136,nordvpn.com
2137,sfgate.com
2138,ria.ru
2139,techradar.com
2140,splunkdev.net
2141,timeanddate.com
2142,bitbucket.org
2143,engadget.com
2144,galaxy-cdn.com
2145,mparticle.com
2146,vk-analytics.ru
2147,hse.ru
2148,cdnhwcbqs106.com
2149,bcvcdn.com
2150,euronews.com
2151,starlink.com
2152,sinaedge.com
2153,dropbox-dns.com
2154,house.gov
2155,acrobat.com
2156,myhostadmin.net
2157,giex.ru
2158,nextlgsdp.com
2159,mookie1.com
2160,msecnd.net
2161,otm-r.com
2162,stripchat.com
2163,nba.com
2164,tribalfusion.com
2165,aws-prd.net
2166,amocrm.ru
2167,dv.tech
2168,ads-twitter.com
2169,m.me
2170,istockphoto.com
2171,adentifi.com
2172,express.co.uk
2173,kunlunsl.com
2174,earthlink.net
2175,verizon.com
2176,people.com.cn
2177,ico.org.uk
2178,bls.gov
2179,mitre.org
2180,wscvip.cn
2181,mapogroup.cz
2182,coinmarketcap.com
2183,enable-javascript.com
2184,like.video
2185,fullstory.com
2186,fyber.com
2187,khanacademy.org
2188,pruffme.com
2189,verkada.com
2190,ay.delivery
2191,unicef.org
2192,quantcount.com
2193,inbake.com
2194,knt9.xyz
2195,tynt.com
2196,jwpltx.com
2197,sendbird.com
2198,lg.co.kr
2199,hpe.com
2200,automattic.com
2201,gmx.net
2202,rustore.ru
2203,nubank.com.br
2204,inleed.net
2205,ufl.edu
2206,discomax.com
2207,metamask.io
2208,addthis.com
2209,line-apps.com
2210,iqiyi.com
2211,insales.ru
2212,marketingcloudapis.com
2213,waze.com
2214,lazada.co.id
2215,it.com
2216,epicgames.dev
2217,dropboxusercontent.com
2218,hhs.gov
2219,qcloud.com
2220,entrepreneur.com
2221,hotmail.com
2222,mediago.io
2223,kakao.com
2224,wetransfer.com
2225,opera-api.com
2226,oculus.com
2227,smailru.net
2228,clevertap-prod.com
2229,tiqcdn.com
2230,tailscale.com
2231,av380.net
2232,aadrm.com
2233,onenote.net
2234,rollingstone.com
2235,nic.do
2236,craigslist.org
2237,sprinthost.ru
2238,bytedance.com
2239,adkernel.com
2240,mercadolibre.com
2241,samsungnyc.com
2242,ninjarmm.com
2243,douyin.com
2244,gos-gsp.io
2245,redislabs.com
2246,sap.com
2247,lge.com
2248,hollywoodreporter.com
2249,crazyegg.com
2250,mossru.com
2251,spbycdn.com
2252,aboutcookies.org
2253,uiuc.edu
2254,gshifen.com
2255,example.org
2256,truecaller.com
2257,iiko.it
2258,ingage.tech
2259,on.aws
2260,ssrn.com
2261,centrastage.net
2262,sec.gov
2263,geoedge.be
2264,mradx.net
2265,supersonicads.com
2266,java.com
2267,wa.link
2268,iterable.com
2269,mosspf.net
2270,espncdn.com
2271,zijieapi.com
2272,pndsn.com
2273,digg.com
2274,duke.edu
2275,one.com
2276,keplr.app
2277,admatic.de
2278,dnsv5.com
2279,collegeboard.org
2280,spectrum.com
2281,clarium.io
2282,openssl.org
2283,arc-msedge.net
2284,lnkd.in
2285,tranplanet.com
2286,opera.technology
2287,nipr.mil
2288,infonline.de
2289,liftoff-creatives.io
2290,opera.software
2291,freebsd.org
2292,census.gov
2293,mfms.ru
2294,redditmedia.com
2295,crunchyroll.com
2296,zdassets.com
2297,revenuecat.com
2298,163img.com
2299,ecdnx.com
2300,mosspf.com
2301,goguardian.com
2302,pwc.com
2303,ihg.com
2304,nextmillmedia.com
2305,hbomax.com
2306,nyu.edu
2307,broadcom.com
2308,youseasky.com
2309,samba.tv
2310,your-server.de
2311,purdue.edu
2312,ccgateway.net
2313,mediavine.com
2314,discordapp.net
2315,hoster.kz
2316,git-scm.com
2317,guardian.co.uk
2318,olympics.com
2319,rfc-editor.org
2320,icann.org
2321,slackb.com
2322,itch.io
2323,network-auth.com
2324,capitalonegslbex.com
2325,midea.com
2326,queniucf.com
2327,bigcartel.com
2328,lazada.com.ph
2329,usertrust.com
2330,freefiremobile.com
2331,googleapis.cn
2332,ticketmaster.com
2333,amazonaws.com.cn
2334,gettyimages.com
2335,mixcloud.com
2336,samsungdm.com
2337,secu100.net
2338,semrush.com
2339,investing.com
2340,shorturl.at
2341,itu.int
2342,lgsmartad.com
2343,ad-score.com
2344,fliphtml5.com
2345,justice.gov
2346,cdnhwc3.com
2347,urbanairship.com
2348,bi.zone
2349,oaistatic.com
2350,dnse3.com
2351,adp.com
2352,gameanalytics.com
2353,tcylgslb.com
2354,ak-is2.net
2355,lazada.sg
2356,bazaarvoice.com
2357,iheart.com
2358,chartbeat.com
2359,bybit.com
2360,featureassets.org
2361,virtualearth.net
2362,altervista.org
2363,usc.edu
2364,vidazoo.com
2365,tdnsv5.com
2366,mintegral.net
2367,mailinabox.email
2368,arcticwolf.net
2369,quantummetric.com
2370,hsforms.com
2371,apachefriends.org
2372,cutt.ly
2373,mindbox.ru
2374,steamcontent.com
2375,rt.com
2376,last.fm
2377,dynamics.com
2378,ohmy.bid
2379,eeroup.com
2380,monetixads.com
2381,tospotify.com
2382,sprinklr.com
2383,medlineplus.gov
2384,so.com
2385,adhigh.net
2386,x-cdn-static.com
2387,norton.com
2388,sketchfab.com
2389,adsmoloco.com
2390,stbid.ru
2391,axios.com
2392,adswizz.com
2393,connectad.io
2394,tvsquared.com
2395,glassdoor.com
2396,ogury.io
2397,livescience.com
2398,infocyte.com
2399,yimg.jp
2400,applvn.com
2401,permutive.app
2402,fortinet.net
2403,thawte.com
2404,grafana.com
2405,posthog.com
2406,akstat.io
2407,ureca-lab.com
2408,chartboost.com
2409,perplexity.ai
2410,orcid.org
2411,lazada.com
2412,weibo.cn
2413,vercel-dns-3.com
2414,doordash.com
2415,sakura.ne.jp
2416,ctgcdn.com
2417,onetrust.io
2418,magnit.ru
2419,dondominio.com
2420,cloudfunctions.net
2421,useinsider.com
2422,cpmstar.com
2423,ford.com
2424,oath.cloud
2425,indiegogo.com
2426,bixbyllm.com
2427,ttcdn-us.com
2428,socdm.com
2429,weather.gov
2430,sovcombank.ru
2431,amp-endpoint2.com
2432,mi-img.com
2433,hatena.ne.jp
2434,harman.com
2435,porkbun.com
2436,al-adtech.com
2437,dnsimple.com
2438,umd.edu
2439,joinhoney.com
2440,netscape.com
2441,smh.com.au
2442,cookiebot.com
2443,visualwebsiteoptimizer.com
2444,inmobicdn.net
2445,sogou.com
2446,adsco.re
2447,telkomhosting.com
2448,thetimes.co.uk
2449,bbci.co.uk
2450,lastpass.com
2451,senate.gov
2452,wikia.com
2453,macomnet.ru
2454,ssl.com
2455,home-assistant.io
2456,geotrust.com
2457,yahoo.net
2458,gamespot.com
2459,dictionary.com
2460,nejm.org
2461,wshareit.com
2462,constellix.com
2463,permutive.com
2464,webs.com
2465,iubenda.com
2466,hyatt.com
2467,meituan.com
2468,signal.org
2469,im-apps.net
2470,unc.edu
2471,unity.com
2472,coloros.com
2473,ucdavis.edu
2474,c6gj-static.net
2475,qz.com
2476,ny.gov
2477,gotowebinar.com
2478,usa.gov
2479,pp.ru
2480,stumbleupon.com
2481,accenture.com
2482,sony.com
2483,volces.com
2484,citrix.com
2485,share-dns.com
2486,amemv.com
2487,windy.com
2488,braze.eu
2489,nfl.com
2490,theglobeandmail.com
2491,ssa.gov
2492,imoim.net
2493,mxptint.net
2494,www.gov.cn
2495,thehill.com
2496,customer.io
2497,namecheaphosting.com
2498,tdnsstic1.cn
2499,net.ru
2500,wtxcdn.com
2501,energy.gov
2502,ixigua.com
2503,instructables.com
2504,aqsi.ru
2505,mps.gov.cn
2506,microsoftazuread-sso.com
2507,msu.edu
2508,kde.org
2509,ndtv.com
2510,lww.com
2511,usercentrics.eu
2512,hotjar.io
2513,ps.kz
2514,chicagotribune.com
2515,colorado.edu
2516,generatepress.com
2517,xxpkg.com
2518,lazada.co.th
2519,screenconnect.com
2520,rackspaceclouddb.com
2521,scmp.com
2522,bizjournals.com
2523,afafb.com
2524,al-array.com
2525,canonical.com
2526,tdnsv6.com
2527,tencentclb.com
2528,amp-endpoint3.com
2529,dns.com
2530,delfi.lt
2531,tuyaeu.com
2532,nmrodam.com
2533,gallup.com
2534,shopee.sg
2535,adobestats.io
2536,afrinic.net
2537,adapty.io
2538,alltel24.ru
2539,hubapi.com
2540,meta.com
2541,rutarget.ru
2542,axon.ai
2543,elastic.co
2544,schwab.com
2545,chinanetcenter.com
2546,slashdot.org
2547,cctv.com
2548,dynamicyield.com
2549,cloudflarestorage.com
2550,dhs.gov
2551,vogue.com
2552,jimdofree.com
2553,zend.com
2554,ravm.tv
2555,illinois.edu
2556,woocommerce.com
2557,clickagy.com
2558,lync.com
2559,p-msedge.net
2560,flaticon.com
2561,ibb.co
2562,howstuffworks.com
2563,iotcplatform.com
2564,webflow.com
2565,arizona.edu
2566,vkplay.ru
2567,glance.net
2568,bt.com
2569,audible.com
2570,hoster.ru
2571,mystrikingly.com
2572,pubnative.net
2573,dvr163.com
2574,prezi.com
2575,chinadaily.com.cn
2576,huntress.io
2577,mncdn.com
2578,padlet.com
2579,apple.com.cn
2580,adobelogin.com
2581,tmall.com
2582,congress.gov
2583,utoronto.ca
2584,ey.com
2585,yastatic.net
2586,blog.google
2587,smithsonianmag.com
2588,drupal.org
2589,sgsnssdk.com
2590,walkme.com
2591,bttrack.com
2592,web.dev
2593,nflxext.com
2594,bunny.net
2595,yammer.com
2596,brightcove.com
2597,nodejs.org
2598,coingecko.com
2599,cedexis-radar.net
2600,notion.site
2601,npmjs.com
2602,itv.com
2603,lg.com
2604,bplslb.com
2605,sardine.ai
2606,kuaishou.com
2607,wsdvs.info
2608,privacy-center.org
2609,rackcdn.com
2610,nielsen.com
2611,ubc.ca
2612,technologyreview.com
2613,tealiumiq.com
2614,azure-dns.net
2615,falais.com
2616,rian.ru
2617,wistia.com
2618,spb.ru
2619,icloud.com.cn
2620,parallels.com
2621,ns.ua
2622,deadline.com
2623,visa.com
2624,ruijienetworks.com
2625,battle.net
2626,yg5sjx5kzy.com
2627,tizen.org
2628,newscientist.com
2629,keydisk.ru
2630,centralnic.net
2631,opensource.org
2632,ctfassets.net
2633,france24.com
2634,drmgms.com
2635,ddnss.de
2636,alfabank.ru
2637,peacocktv.com
2638,safedk.com
2639,mapquest.com
2640,indianexpress.com
2641,tokopedia.com
2642,mastercard.com
2643,trustedstack.com
2644,vscode-cdn.net
2645,libsyn.com
2646,trueconf.net
2647,imf.org
2648,icanhazip.com
2649,history.com
2650,volc-dns.com
2651,ifeng.com
2652,datadoghq-browser-agent.com
2653,oppomobile.com
2654,ultradns.net
2655,ably.io
2656,emxdgt.com
2657,vkvideo.ru
2658,adguard.com
2659,ctadns.cn
2660,douban.com
2661,dnse1.com
2662,anchor.fm
2663,ahrefs.com
2664,disney.com
2665,csdn.net
2666,urldefense.com
2667,phantom.app
2668,riskified.com
2669,aptrinsic.com
2670,getgo.com
2671,ubisoft.com
2672,mmstat.com
2673,oraclecloud.net
2674,jtvnw.net
2675,dbankedge.cn
2676,podbean.com
2677,imolive2.com
2678,bcelive.com
2679,msftstatic.com
2680,startappservice.com
2681,rudderstack.com
2682,robinhood.com
2683,standard.co.uk
2684,deputy.com
2685,army.mil
2686,adthrive.com
2687,alibabacorp.com
2688,ttwstatic.com
2689,cxense.com
2690,zztfly.com
2691,tmz.com
2692,perl.org
2693,foodnetwork.com
2694,laravel.com
2695,2gis.ru
2696,paramountplus.com
2697,heise.de
2698,venturebeat.com
2699,pstatic.net
2700,imgix.net
2701,virginia.edu
2702,kwimgs.com
2703,pstatp.com
2704,pippio.com
2705,dnse2.com
2706,ucl.ac.uk
2707,liveintent.com
2708,kochava.com
2709,itglue.com
2710,ueiwsp.com
2711,getgrass.io
2712,northwestern.edu
2713,google.us
2714,powerbi.com
2715,gihc.net
2716,yandexadexchange.net
2717,iz.ru
2718,eye4.cn
2719,metro.co.uk
2720,made-in-china.com
2721,distmed.com
2722,about.me
2723,dalyfeds.com
2724,idnscloud.com
2725,easybrain.com
2726,proof-dns.com
2727,bitnami.com
2728,mountain.com
2729,postman.com
2730,ksapisrv.com
2731,glanceapis.com
2732,lin.ee
2733,bac.com
2734,today.com
2735,capitalone.com
2736,nasdaq.com
2737,auth0.com
2738,google.com.tr
2739,globalpay.com
2740,archives.gov
2741,nymag.com
2742,fotostrana.ru
2743,rottentomatoes.com
2744,evergage.com
2745,pacloudflare.com
2746,p-cdn.us
2747,parsely.com
2748,walgreens.com
2749,utah.edu
2750,rumble.com
2751,rtmark.net
2752,undertone.com
2753,a-ads.com
2754,tubitv.com
2755,likeevideo.ru
2756,ti.com
2757,gutenberg.org
2758,minecraft.net
2759,strato.de
2760,accor.com
2761,lenta.ru
2762,cedexis-test.com
2763,swishapps.ai
2764,wswebpic.com
2765,ispot.tv
2766,1688.com
2767,loom.com
2768,serverdata.net
2769,2miners.com
2770,emb-api.com
2771,tricolor.tv
2772,ccc.de
2773,scopely.io
2774,fool.com
2775,siriusxm.com
2776,pullcm.com
2777,dns.pt
2778,pullcf.com
2779,doubleclick.com
2780,wayfair.com
2781,rockstargames.com
2782,prosv.ru
2783,ctvnews.ca
2784,beyla.site
2785,instacart.com
2786,letsmessagenow.com
2787,selcloud.ru
2788,fitbit.com
2789,shopee.ph
2790,crowdstrike.com
2791,strpst.com
2792,ksyna.net
2793,nic.ai
2794,serving-sys.ru
2795,nsw.gov.au
2796,ethz.ch
2797,max.com
2798,paywb.com
2799,msappproxy.net
2800,gog.com
2801,porsche.com
2802,cpi.ad.jp
2803,tableau.com
2804,bigcommerce.com
2805,bzsn.ru
2806,digicertdns.com
2807,thousandeyes.com
2808,afcdn.net
2809,dot.gov
2810,zeit.de
2811,centos.org
2812,fifa.com
2813,kinopoisk.ru
2814,billboard.com
2815,buzzoola.com
2816,dns-servers.vn
2817,uhc.com
2818,glpals.com
2819,microsoft.us
2820,imageshack.us
2821,ycombinator.com
2822,nurd.com
2823,thrtle.com
2824,kskwai.com
2825,allrecipes.com
2826,thedailybeast.com
2827,trafficjunky.net
2828,fcc.gov
2829,coe.int
2830,gumroad.com
2831,nic.xyz
2832,tutu.ru
2833,lifehacker.com
2834,si.com
2835,gpcloudservice.com
2836,xlivrdr.com
2837,newsbreak.com
2838,yumpu.com
2839,traffmonetizer.com
2840,ttoverseaus.net
2841,flixcdn.com
2842,system-monitor.com
2843,pastebin.com
2844,protechts.net
2845,philips.com
2846,vanityfair.com
2847,semanticscholar.org
2848,foxbusiness.com
2849,bu.edu
2850,cell.com
2851,platinumai.net
2852,ilo.org
2853,printercloud.com
2854,magsrv.com
2855,getyourguide.com
2856,org.ru
2857,shopee.io
2858,mlstatic.com
2859,moz.com
2860,angelfire.com
2861,google.be
2862,growcdnssedge.com
2863,ndcpp-os.com
2864,uribl.com
2865,1password.com
2866,ihc.ru
2867,qpic.cn
2868,cian.ru
2869,wellsfargo.com
2870,zerocdn.com
2871,tesla.services
2872,archlinux.org
2873,hybrid.ai
2874,kzhi.tech
2875,cdnhwczba04.com
2876,orbsrv.com
2877,ionos.de
2878,rkdms.com
2879,airtable.com
2880,unifi-ai.com
2881,betcity.ru
2882,heart.org
2883,aarp.org
2884,oray.com
2885,e5.sk
2886,adtng.com
2887,wa.gov
2888,phys.org
2889,api.aws
2890,thejeu.com
2891,fastclick.net
2892,onmicrosoft.com
2893,faz.net
2894,mpg.de
2895,webflow.io
2896,tamu.edu
2897,profi.ru
2898,systemdns.com
2899,crunchbase.com
2900,treasury.gov
2901,ucweb.com
2902,gldn.net
2903,texas.gov
2904,netgate.com
2905,qianxun.com
2906,glance-cdn.com
2907,virginmedia.com
2908,undp.org
2909,bytetcdn.com
2910,privacyshield.gov
2911,parkingcrew.net
2912,brusnika.ru
2913,gmoregistry.net
2914,digitaltrends.com
2915,fortinet.com
2916,ifconfig.me
2917,1984.is
2918,taxssp.com
2919,verywellhealth.com
2920,rutgers.edu
2921,osu.edu
2922,msi.com
2923,merlincdn.net
2924,tenda.com.cn
2925,nalog.ru
2926,hihonor.com
2927,cancer.org
2928,thehindu.com
2929,simplisafe.com
2930,edu-servers.net
2931,0123tt.ru
2932,google.com.mx
2933,rs6.net
2934,asahi.com
2935,apptentive.com
2936,zalo.me
2937,semasio.net
2938,navy.mil
2939,wikisource.org
2940,splunkcloud.com
2941,delta.com
2942,pphosted.com
2943,cachefly.net
2944,akaquill.net
2945,aa.com
2946,ex.co
2947,thomsonreuters.com
2948,1capp.com
2949,bigolive.tv
2950,rqtrk.eu
2951,slatic.net
2952,duosecurity.com
2953,ifood.com.br
2954,int08h.com
2955,spamcop.net
2956,bumble.com
2957,vrt.be
2958,v-videoapp.com
2959,garant.ru
2960,topdns.com
2961,zeasn.tv
2962,unrealengine.com
2963,fbi.gov
2964,mcusercontent.com
2965,kpmg.com
2966,geeksforgeeks.org
2967,yotpo.com
2968,iop.org
2969,shodan.io
2970,foursquare.com
2971,google.ch
2972,nheos.com
2973,mimecast.com
2974,appdomain.cloud
2975,stocrm.ru
2976,cbssports.com
2977,charlestonroadregistry.com
2978,nokia.com
2979,dailyinnovation.biz
2980,grindr.com
2981,partners-show.com
2982,tvinteractive.tv
2983,google.at
2984,queniuck.com
2985,kgslb.com
2986,chewy.com
2987,square.site
2988,uspto.gov
2989,habr.com
2990,wipo.int
2991,egnyte.com
2992,sonos.com
2993,jampp.com
2994,ning.com
2995,watchguard.com
2996,envato.com
2997,ucloud.cn
2998,artstation.com
2999,acuityplatform.com
3000,userway.org
3001,krushmedia.com
3002,intercomcdn.com
3003,mathworks.com
3004,vrbo.com
3005,redbull.com
3006,starbucks.com
3007,aibixby.com
3008,otzovik.com
3009,aditude.io
3010,pikabu.ru
3011,hola.org
3012,hosteurope.de
3013,rezync.com
3014,jpush.cn
3015,amxrtb.com
3016,ioriveredge.net
3017,timeout.com
3018,allawntech.com
3019,libp2p.direct
3020,faqs.org
3021,privacy-mgmt.com
3022,staticflickr.com
3023,chase.com
3024,dashlane.com
3025,panasonic.com
3026,tsinghua.edu.cn
3027,esquire.com
3028,haxx.se
3029,livemint.com
3030,cuny.edu
3031,zynga.com
3032,swiftkey.com
3033,dol.gov
3034,iionads.com
3035,consumerreports.org
3036,coca-cola.com
3037,usergate.com
3038,callrail.com
3039,vimeocdn.com
3040,citi.com
3041,dmoz.org
3042,1drv.ms
3043,houzz.com
3044,nydailynews.com
3045,siteimproveanalytics.io
3046,sharepointonline.com
3047,joomla.org
3048,mos.ru
3049,intelbras.com.br
3050,cancer.gov
3051,xhpingcdn.com
3052,cpan.org
3053,zdxcloud.net
3054,samplicio.us
3055,srv53.com
3056,pandasecurity.com
3057,pavietnam.vn
3058,lazada.com.my
3059,in.net
3060,google.com.tw
3061,redbubble.com
3062,rzd.ru
3063,htsc.com
3064,locaweb.com.br
3065,register.com
3066,hover.com
3067,ftstatic.com
3068,privacysandboxservices.com
3069,myq-cloud.com
3070,google.co.th
3071,edurm.ru
3072,epluscdn.com
3073,eum-appdynamics.com
3074,rsc.org
3075,belkin.com
3076,bytens.net
3077,braintree-api.com
3078,miitbeian.gov.cn
3079,google.com.ua
3080,honeycomb.io
3081,discovery.com
3082,trip.com
3083,ml314.com
3084,sfdcfc.net
3085,thoughtco.com
3086,schneier.com
3087,unruly.co
3088,zscalertwo.net
3089,playfamily.ru
3090,zscaler.net
3091,flipboard.com
3092,pochta.ru
3093,echostarcdn.com
3094,flightradar24.com
3095,pypi.org
3096,scene7.com
3097,calameo.com
3098,cosmopolitan.com
3099,crowsember.com
3100,aliexpress-media.com
3101,thewsoral.com
3102,pushy.io
3103,health.mil
3104,qualys.com
3105,mobilefuse.com
3106,symcb.com
3107,siilo.com
3108,a-mx.com
3109,dfn.nl
3110,theregister.com
3111,ncsu.edu
3112,weatherbug.net
3113,eonline.com
3114,illumin.com
3115,e1c-ops.com
3116,zapier.com
3117,transmissionapp.com
3118,anthropic.com
3119,mosyle.com
3120,srv53.net
3121,thingiverse.com
3122,deepseek.com
3123,blismedia.com
3124,nzherald.co.nz
3125,seattletimes.com
3126,konami.net
3127,ggblueshark.com
3128,klarna.net
3129,gccdn.net
3130,demandbase.com
3131,tesco.com
3132,novell.com
3133,minutemedia-prebid.com
3134,is.gd
3135,imagemagick.org
3136,brookings.edu
3137,narod.ru
3138,caniuse.com
3139,toutiao.com
3140,telefonica.de
3141,alibaba-inc.com
3142,macys.com
3143,jio.com
3144,adnxs-simple.com
3145,piano.io
3146,news.cn
3147,lxdns.com
3148,fiservapps.com
3149,xe.com
3150,bittorrent.com
3151,paa-reporting-advertising.amazon
3152,cbsivideo.com
3153,serverbid.com
3154,ciscospark.com
3155,website-files.com
3156,hootsuite.com
3157,shipt.com
3158,nodacdn.net
3159,500px.com
3160,os-lb.com
3161,sberbank-tele.com
3162,afraid.org
3163,fastlylb.net
3164,r7ops.com
3165,medicalconnector.ch
3166,conn3ct.space
3167,nyc.gov
3168,smartsheet.com
3169,ax-dc-msedge.net
3170,mob.com
3171,gap.com
3172,wixstatic.com
3173,infomaniak.com
3174,revcontent.com
3175,adition.com
3176,gist.build
3177,bytedns3.com
3178,sas.com
3179,parastorage.com
3180,tlivepush.com
3181,salon.com
3182,uidapi.com
3183,openldap.org
3184,voanews.com
3185,4shared.com
3186,univie.ac.at
3187,gboxlab.com
3188,nexon.com
3189,hubspot.net
3190,beta-bank.ru
3191,malwarebytes.com
3192,sprinthost.net
3193,sophosupd.com
3194,t.ly
3195,lgtviot.com
3196,arin.net
3197,bostonglobe.com
3198,mcdonalds.com
3199,threatlocker.com
3200,nianticlabs.com
3201,openwebmp.com
3202,dish.com
3203,star4live.com
3204,hyperwallet.com
3205,ohchr.org
3206,toasttab.com
3207,liveperson.net
3208,storygize.net
3209,arm-msedge.net
3210,patch.com
3211,platformaofd.ru
3212,straitstimes.com
3213,ikarem.io
3214,netis.cc
3215,vfsglobal.by
3216,usembassy.gov
3217,t0x.net
3218,moodle.com
3219,r01.ru
3220,banki.ru
3221,proton.me
3222,found.io
3223,awmdm.com
3224,xboxservices.com
3225,garenanow.com
3226,hadronid.net
3227,cygwin.com
3228,brightcloud.com
3229,asos.com
3230,ettdnsv.com
3231,rg.ru
3232,unimelb.edu.au
3233,rusprofile.ru
3234,cern.ch
3235,myanimelist.net
3236,boston.com
3237,hotels.com
3238,kolesa.kz
3239,cvs.com
3240,etoro.com
3241,queniubg.com
3242,freshdesk.com
3243,ebayimg.com
3244,namequery.com
3245,traveloka.com
3246,rei.com
3247,icndns.net
3248,mcr-msedge.net
3249,itau.com.br
3250,kvant-telecom.ru
3251,gpubgm.com
3252,skimresources.com
3253,globalnews.ca
3254,capitaloneshopping.com
3255,msnbc.com
3256,iqm.com
3257,onrender.com
3258,elastic-cloud.com
3259,s-microsoft.com
3260,mastodon.social
3261,zara.com
3262,streamtheworld.com
3263,rtve.es
3264,miniclippt.com
3265,uk.net
3266,goodhousekeeping.com
3267,ahagamecenter.com
3268,confiant-integrations.net
3269,fanduel.com
3270,starmakerstudios.com
3271,kahoot.it
3272,cqloud.com
3273,santander.com.br
3274,thefreedictionary.com
3275,tagesschau.de
3276,curl.se
3277,hostingradio.ru
3278,qnap.com
3279,tns-counter.ru
3280,ucsb.edu
3281,wustl.edu
3282,copper6.com
3283,clean.gg
3284,matomo.org
3285,chron.com
3286,iqzone.com
3287,home.pl
3288,voximplant.com
3289,stuff.co.nz
3290,bspb.ru
3291,ekatox.com
3292,weplayapp.com
3293,dzeninfra.ru
3294,dynadot.com
3295,google.cz
3296,ed.ac.uk
3297,lenovomm.com
3298,mango-office.ru
3299,paypal.me
3300,adotmob.com
3301,1cfresh.com
3302,esa.int
3303,lonelyplanet.com
3304,irishtimes.com
3305,rr.com
3306,vzwwo.com
3307,uniqlo.com
3308,bitly.com
3309,seekingalpha.com
3310,insightexpressai.com
3311,blogspot.co.uk
3312,google.se
3313,onaudience.com
3314,saby.ru
3315,greenpeace.org
3316,pitt.edu
3317,thetimes.com
3318,vihub.ru
3319,tubemogul.com
3320,google.com.ar
3321,admixer.net
3322,hetzner.com
3323,medscape.com
3324,bounceexchange.com
3325,tidal.com
3326,keenetic.link
3327,indiana.edu
3328,claude.ai
3329,honeywell.com
3330,dhgate.com
3331,powerapps.com
3332,comodoca.com
3333,mk.ru
3334,planfix.com
3335,zscalerthree.net
3336,movetv.com
3337,sueddeutsche.de
3338,softether-network.net
3339,bstatic.com
3340,lazada.vn
3341,flic.kr
3342,the-ozone-project.com
3343,gotinder.com
3344,slack-edge.com
3345,ko-fi.com
3346,snapcraft.io
3347,theknot.com
3348,google.pt
3349,hopkinsmedicine.org
3350,ampproject.net
3351,jivox.com
3352,wswebcdn.info
3353,nic.tech
3354,globalcdn.co
3355,ubereats.com
3356,xundns.com
3357,hubhc.com
3358,awsdns-29.com
3359,space.com
3360,hs-scripts.com
3361,martianinc.co
3362,hbo.com
3363,wanadoo.fr
3364,box.net
3365,mhverifier.ru
3366,inmotionhosting.com
3367,uefa.com
3368,evidon.com
3369,bgdns.net
3370,vt.edu
3371,punchmedia.ru
3372,tappx.com
3373,helpshift.com
3374,jwpcdn.com
3375,acoustic-adm.com
3376,mediawiki.org
3377,syndicatedsearch.goog
3378,ortb.net
3379,samsunghealth.com
3380,fox.com
3381,ahacdn.me
3382,zeotap.com
3383,zopim.com
3384,over-blog.com
3385,casasbahia.com.br
3386,zscaler.com
3387,bitrix.info
3388,google.gr
3389,wargaming.net
3390,vidoomy.com
3391,videolan.org
3392,magazineluiza.com.br
3393,cn.com
3394,hstgr.net
3395,cookieyes.com
3396,memfault.com
3397,isc.org
3398,google.co.kr
3399,smugmug.com
3400,google.com.sg
3401,adingo.jp
3402,hs-banner.com
3403,tmdb.org
3404,gitbook.io
3405,ivideon.com
3406,google.com.vn
3407,holadns.com
3408,viator.com
3409,olx.ua
3410,logitech.io
3411,hs-analytics.net
3412,mcgill.ca
3413,signalr.net
3414,dmxleo.com
3415,gemius.pl
3416,urbandictionary.com
3417,pcworld.com
3418,sjtu.edu.cn
3419,xserver.jp
3420,thestreet.com
3421,tripadvisor.co.uk
3422,unicomcdn.com.cn
3423,dssott.com
3424,wikibooks.org
3425,edx.org
3426,service-public.fr
3427,axis.com
3428,wikidot.com
3429,shopee.vn
3430,michaels.com
3431,dnse4.com
3432,samsungconsent.com
3433,timesofisrael.com
3434,vdsina.ru
3435,oath.com
3436,feedly.com
3437,hostia.name
3438,createjs.com
3439,united.com
3440,telia.com
3441,tnt-ea.com
3442,wps.cn
3443,sensic.net
3444,pro-market.net
3445,brightcove.net
3446,firebaseapp.com
3447,wasabisys.com
3448,creditkarma.com
3449,onenote.com
3450,heapanalytics.com
3451,colorlib.com
3452,cedexis.com
3453,avg.com
3454,mheducation.com
3455,cgood.ru
3456,youronlinechoices.eu
3457,hrw.org
3458,progressive.com
3459,ipprotectionauth.goog
3460,ripe.net
3461,justia.com
3462,thestar.com
3463,cognitivlabs.com
3464,digital.com
3465,nbc.com
3466,carfax.com
3467,protek.ru
3468,drugs.com
3469,weborama.fr
3470,dtscout.com
3471,clearnview.com
3472,tinypass.com
3473,dingtalk.com
3474,fastlydns.net
3475,awsdns-43.com
3476,unep.org
3477,dnsv4.com
3478,wireshark.org
3479,nobelprize.org
3480,sooplive.co.kr
3481,code.org
3482,mtv.com
3483,redis.io
3484,didiglobal.com
3485,flightaware.com
3486,ctnsnet.com
3487,comodo.com
3488,prserv.net
3489,tdnsvod1.cn
3490,qcomgeo2.com
3491,hpdaas.com
3492,gaijin.net
3493,sentry-cdn.com
3494,awsdns-52.com
3495,samsungpositioning.com
3496,brightspace.com
3497,infolinks.com
3498,zscloud.net
3499,namecheap.com
3500,myoffice.ru
3501,dns.jp
3502,sciencealert.com
3503,razer.com
3504,nicovideo.jp
3505,leroymerlin.com
3506,apnic.net
3507,sfu.ca
3508,freedesktop.org
3509,awsdns-34.com
3510,ventraip.net.au
3511,themegrill.com
3512,leagueoflegends.com
3513,e-planning.net
3514,media6degrees.com
3515,rtbhouse.com
3516,ask.com
3517,cyberark.com
3518,man7.org
3519,yle.fi
3520,xincache.com
3521,page.link
3522,unl.edu
3523,cloudbirds.cn
3524,beyondtrustcloud.com
3525,softonic.com
3526,zuimeitianqi.com
3527,brandmetrics.com
3528,domaintools.com
3529,georgetown.edu
3530,ponyexpress.tech
3531,wordreference.com
3532,travelandleisure.com
3533,harpersbazaar.com
3534,sureserver.com
3535,transmissionbt.com
3536,bpldns.com
3537,morningstar.com
3538,cloudappsecurity.com
3539,ctrip.com
3540,mrf.io
3541,sina.com
3542,google.cl
3543,servenobid.com
3544,indazn.com
3545,pokemon.com
3546,libbyshelf.com
3547,dynect.net
3548,metmuseum.org
3549,tagesspiegel.de
3550,google.com.ph
3551,sundaysky.com
3552,yandex.kz
3553,thebalancemoney.com
3554,tucows.com
3555,web.app
3556,unisoc.com
3557,gatech.edu
3558,gazprombank.ru
3559,google.dk
3560,tufts.edu
3561,browsiprod.com
3562,news18.com
3563,au.com
3564,google.co.za
3565,google.ro
3566,freshchat.com
3567,awsdns-39.com
3568,awsdns-09.com
3569,vivo.com.br
3570,codepen.io
3571,monday.com
3572,mediahils.ru
3573,google.com.my
3574,popularmechanics.com
3575,teacherspayteachers.com
3576,clicktale.net
3577,second-ns.de
3578,bahn.de
3579,sgnic.sg
3580,cbrpay.ru
3581,adsbynimbus.com
3582,envato.market
3583,alikunlun.net
3584,suno.com
3585,uubb.website
3586,sprig.com
3587,baz-on.ru
3588,xero.com
3589,clickup.com
3590,microfocus.com
3591,6sc.co
3592,statsigapi.net
3593,cia.gov
3594,news24.com
3595,google.no
3596,gifshow.com
3597,technoratimedia.com
3598,tomsguide.com
3599,dmca.com
3600,identrust.com
3601,logicnow.us
3602,dns.br
3603,pepsico.com
3604,tanium.com
3605,tomshardware.com
3606,ymmobi.com
3607,google.co.il
3608,verywellmind.com
3609,guardingvision.com
3610,51.la
3611,caltech.edu
3612,blcdog.com
3613,virustotal.com
3614,pcgamer.com
3615,victoriassecret.com
3616,dreamstime.com
3617,twtrdns.net
3618,qvdt3feo.com
3619,acint.net
3620,vanguard.com
3621,tuyaus.com
3622,celtra.com
3623,ev2-msedge.net
3624,samsungcloudcdn.com
3625,managed-vps.net
3626,hostpoint.ch
3627,arduino.cc
3628,uadns.com
3629,tvtropes.org
3630,vseinstrumenti.ru
3631,eventbrite.co.uk
3632,ahcdn.com
3633,linksynergy.com
3634,snopes.com
3635,google.hu
3636,ulta.com
3637,hawaii.edu
3638,buzzsprout.com
3639,allstate.com
3640,indiatoday.in
3641,breitbart.com
3642,wufoo.com
3643,ipcc.ch
3644,king.com
3645,thespruce.com
3646,ptsecurity.com
3647,jpost.com
3648,google.com.co
3649,vatican.va
3650,atl-paas.net
3651,feishu.cn
3652,braze-images.com
3653,auvik.com
3654,openxcdn.net
3655,iea.org
3656,google.fi
3657,independent.ie
3658,cvent.com
3659,tass.ru
3660,xkcd.com
3661,dmcdn.net
3662,dns.kr
3663,smallpdf.com
3664,quillbot.com
3665,shazam.com
3666,marthastewart.com
3667,resume.com
3668,awsdns-42.com
3669,intergient.com
3670,prestashop.com
3671,akadns88.net
3672,monash.edu
3673,samsungrs.com
3674,spglobal.com
3675,google.ie
3676,google.co.nz
3677,screenrant.com
3678,hinet.net
3679,bidvol.com
3680,admaster.cc
3681,picsart.com
3682,menshealth.com
3683,legacy.com
3684,ext.ru
3685,gimp.org
3686,opsgenie.com
3687,termsfeed.com
3688,nocookie.net
3689,awsdns-11.com
3690,my.games
3691,uninet.net.mx
3692,nag.ru
3693,jhkkjkj.com
3694,clickmeeting.com
3695,optimove.net
3696,logmein.com
3697,shutterfly.com
3698,menlosecurity.com
3699,moovitapp.com
3700,sephora.com
3701,bitrix24.com
3702,paypalobjects.com
3703,lse.ac.uk
3704,seek.com.au
3705,kbb.com
3706,lua.org
3707,wixdns.net
3708,blackberry.com
3709,caranddriver.com
3710,travelaudience.com
3711,xplosion.de
3712,toyota.com
3713,oaiusercontent.com
3714,shopee.com.my
3715,inscloudgate.net
3716,crcldu.com
3717,symcd.com
3718,trustindex.io
3719,rqmob.com
3720,br.de
3721,sba.gov
3722,poshmark.com
3723,ix.ru
3724,google.bg
3725,rochester.edu
3726,edgedns-tm.info
3727,liberation.fr
3728,peers.tv
3729,infojobs.net
3730,dual-s-dc-msedge.net
3731,aviasales.ru
3732,digitaltarget.ru
3733,familysearch.org
3734,adfox.ru
3735,qlogo.cn
3736,acobt.tech
3737,webpkgcache.com
3738,likee.video
3739,the-sun.com
3740,brevo.com
3741,treasuredata.com
3742,zoominfo.com
3743,skyrock.net
3744,astrumnival.com
3745,next.co.uk
3746,findagrave.com
3747,iastate.edu
3748,nbcsports.com
3749,orf.at
3750,takeaway.com
3751,shopifycdn.com
3752,ktalk.ru
3753,cctld.us
3754,alltrails.com
3755,keenetic.pro
3756,naver.jp
3757,o3.ru
3758,gm.com
3759,vecteezy.com
3760,quark.cn
3761,geforce.com
3762,ansa.it
3763,macrumors.com
3764,ucoz.ru
3765,clarin.com
3766,bidease.com
3767,google.com.eg
3768,s-onetag.com
3769,politico.eu
3770,ourworldindata.org
3771,postimg.cc
3772,activision.com
3773,awsdns-03.com
3774,home.blog
3775,foxsports.com
3776,awsdns-13.com
3777,bytelb.com
3778,paypalcorp.com
3779,atom.com
3780,gksmdns.com
3781,apple-mapkit.com
3782,lunalabs.io
3783,brown.edu
3784,beget.pro
3785,felenasoft.com
3786,weerrhoop.cc
3787,kwaicdn.com
3788,tunein.com
3789,kp.ru
3790,easyjet.com
3791,cmd.su
3792,viafoura.co
3793,financialexpress.com
3794,nate.com
3795,awsdns-12.com
3796,amnesty.org
3797,osha.gov
3798,hotmart.com
3799,okamiboss.com
3800,pxf.io
3801,code42.com
3802,com.com
3803,google.ae
3804,reverso.net
3805,bingapis.com
3806,dreame.tech
3807,uscis.gov
3808,lenovo.com.cn
3809,wolfram.com
3810,mariadb.org
3811,ladsp.com
3812,unam.mx
3813,bodis.com
3814,aljazeera.net
3815,awsdns-60.com
3816,zdf.de
3817,remotepc.com
3818,google.com.pk
3819,sa.com
3820,popsci.com
3821,google.com.pe
3822,softbank.jp
3823,unity3dusercontent.com
3824,defense.gov
3825,sketchup.com
3826,osano.com
3827,securityfocus.com
3828,kingsgroupgames.com
3829,adscale.de
3830,pub.network
3831,backblazeb2.com
3832,proquest.com
3833,nj.com
3834,mysterium.network
3835,sproutsocial.com
3836,cybertrust.com
3837,mynavi.jp
3838,eurekalert.org
3839,ecwid.com
3840,answers.com
3841,queniusz.com
3842,ew.com
3843,wsglb0.info
3844,histats.com
3845,studentaid.gov
3846,lgthinq.com
3847,radiopotok.ru
3848,getadblock.com
3849,bedbathandbeyond.com
3850,hubspotusercontent-na1.net
3851,kion.ru
3852,cableone.net
3853,glulive.com
3854,nbcuni.com
3855,sjv.io
3856,easy4ip.com
3857,rte.ie
3858,dssedge.com
3859,cafe24.com
3860,romarg.com
3861,anyclip.com
3862,gcloudcs.com
3863,nbcuott.com
3864,findlaw.com
3865,facemojikeyboard.com
3866,schoology.com
3867,azureedge.us
3868,firstvds.ru
3869,centurygame.com
3870,o2.pl
3871,prtimes.jp
3872,boredpanda.com
3873,perl.com
3874,optonline.net
3875,reolink.com
3876,yp.to
3877,uga.edu
3878,jp.net
3879,netsuite.com
3880,eurodns.com
3881,shopee.tw
3882,freshworksapi.com
3883,orangedata.ru
3884,2o7.net
3885,channel4.com
3886,fema.gov
3887,stern.de
3888,uiowa.edu
3889,nerdwallet.com
3890,southwest.com
3891,realsimple.com
3892,emojipedia.org
3893,pubnub.com
3894,boomplaymusic.com
3895,snssdk.com
3896,share.google
3897,rfi.fr
3898,shopee.co.th
3899,laracasts.com
3900,barrons.com
3901,binance.info
3902,marphezis.com
3903,snowflake.com
3904,vedomosti.ru
3905,backblaze.com
3906,ardmediathek.de
3907,samsclub.com
3908,guard.io
3909,eatingwell.com
3910,parade.com
3911,justpaste.it
3912,es.io
3913,uc.cn
3914,mercurynews.com
3915,similarweb.com
3916,ziprecruiter.com
3917,mongodb.net
3918,myvzw.com
3919,awsdns-19.net
3920,louisvuitton.com
3921,adweek.com
3922,wp.me
3923,videonow.ru
3924,manchestereveningnews.co.uk
3925,awsdns-27.com
3926,tfl.gov.uk
3927,reasonlabsapi.com
3928,ip.pn
3929,zaloapp.com
3930,arlo.com
3931,japantimes.co.jp
3932,uwaterloo.ca
3933,homes.com
3934,qualcomm.com
3935,zebra.com
3936,chip.de
3937,imageshack.com
3938,cib.com.cn
3939,awsdns-59.com
3940,nos.nl
3941,wurl.com
3942,opensuse.org
3943,cdnhwc7.com
3944,cbr.ru
3945,yomiuri.co.jp
3946,awsdns-47.com
3947,amazon.nl
3948,cbslocal.com
3949,cdn-cookieyes.com
3950,ec-lyon.fr
3951,insider.com
3952,openweathermap.org
3953,jimdosite.com
3954,dnsip.com
3955,lnk.to
3956,colossusssp.com
3957,jiveip.net
3958,awsdns-30.com
3959,livestream.com
3960,linkr.bio
3961,pearson.com
3962,chosun.com
3963,mintegral.com
3964,sonicwall.com
3965,tn.gov
3966,oregonstate.edu
3967,redcross.org
3968,grammarly.net
3969,bell-labs.com
3970,xtracloud.net
3971,micpn.com
3972,google.com.sa
3973,wondershare.com
3974,smartclip.net
3975,fortnite.com
3976,jbl.com
3977,litres.ru
3978,serveriai.lt
3979,sendsay.ru
3980,vk.team
3981,aviasales.com
3982,msu.ru
3983,uscourts.gov
3984,elementor.com
3985,idealo.de
3986,dns-tm.com
3987,sng.link
3988,awsdns-41.com
3989,cdnwidget.com
3990,federalregister.gov
3991,cgtn.com
3992,mainichi.jp
3993,codebig2.net
3994,chrome.com
3995,hscollectedforms.net
3996,motor1.com
3997,awsdns-35.com
3998,xinnet.com
3999,grammarlyaws.com
4000,awsdns-08.com
4001,fazenda.gov.br
4002,kit.com
4003,kucoin.com
4004,splunk.com
4005,leetcode.com
4006,rustdesk.com
4007,samsungads.com
4008,minepi.com
4009,raiffeisen.ru
4010,penguinrandomhouse.com
4011,hbs.edu
4012,cquotient.com
4013,sbb.ch
4014,growthbook.io
4015,databricks.com
4016,google.com.pr
4017,sportradarserving.com
4018,justwatch.com
4019,expressapisv2.net
4020,ns.tr
4021,saasexch.com
4022,technorail.com
4023,abtasty.com
4024,aibotplatform.com
4025,gwu.edu
4026,urban-vpn.com
4027,rediff.com
4028,howtogeek.com
4029,ibscorp.ru
4030,stspg-customer.com
4031,20minutos.es
4032,bldrdoc.gov
4033,abril.com.br
4034,apptracer.ru
4035,cnil.fr
4036,ztomy.com
4037,atlasobscura.com
4038,mpsuadv.ru
4039,hiyaapi.com
4040,tradingeconomics.com
4041,prweb.com
4042,polygon.com
4043,gamesradar.com
4044,exs.pl
4045,fsu.edu
4046,tractorsupply.com
4047,google.com.bd
4048,yolasite.com
4049,meituan.net
4050,outbrain.org
4051,elespanol.com
4052,queniuyk.com
4053,sinaimg.cn
4054,carnival.com
4055,formula1.com
4056,apple-dns.cn
4057,ctxcdn.com
4058,canva.site
4059,gq.com
4060,dnspod.com
4061,omni.ru
4062,techlab-cdn.com
4063,loopia.se
4064,aif.ru
4065,umass.edu
4066,highwebmedia.com
4067,kaltura.com
4068,aws.com
4069,nessus.org
4070,spreaker.com
4071,awsdns-20.com
4072,britishcouncil.org
4073,cribl.cloud
4074,worldcat.org
4075,awsdns-02.com
4076,yuewen.cn
4077,pushwoosh.com
4078,outbrainimg.com
4079,depositphotos.com
4080,wandera.com
4081,bankrate.com
4082,appboy.com
4083,mwscdn.ru
4084,dnsv.jp
4085,aliexpress.ru
4086,japanpost.jp
4087,mercedes-benz.com
4088,itsupport247.net
4089,nic.space
4090,saasprotection.com
4091,aylanetworks.com
4092,cdnhwcljk104.com
4093,reverbnation.com
4094,google.co.ve
4095,aircanada.com
4096,adtarget.biz
4097,dev.to
4098,clinicaltrials.gov
4099,goethe.de
4100,listdl.com
4101,statefarm.com
4102,clmbtech.com
4103,alarabiya.net
4104,pananames.com
4105,tinkercad.com
4106,a2hosting.com
4107,fraunhofer.de
4108,simply.com
4109,forticloud.com
4110,dotnxdomain.net
4111,tcdnlive.com
4112,awsdns-16.com
4113,line-scdn.net
4114,awstrack.me
4115,finam.ru
4116,awsdns-22.com
4117,se.com
4118,sliide.cloud
4119,vanderbilt.edu
4120,edgecdn.co
4121,realme.com
4122,ultradns2.com
4123,awsdns-49.com
4124,batch.com
4125,midasplayer.cloud
4126,bcebos.com
4127,geocomply.com
4128,wpscdn.com
4129,unhcr.org
4130,e-recht24.de
4131,aj2555.bid
4132,thekitchn.com
4133,zohocdn.com
4134,tildacdn.com
4135,heytapimg.com
4136,lynk.id
4137,cdnhwctnm107.com
4138,domru.ru
4139,myfitnesspal.com
4140,routledge.com
4141,speedtestcustom.com
4142,awsdns-10.com
4143,affirm.com
4144,dbankcdn.cn
4145,google.com.gt
4146,pbxai.com
4147,zimbra.com
4148,ucsf.edu
4149,google.com.ng
4150,southernliving.com
4151,hisavana.com
4152,livechat.com
4153,uu.net
4154,apkpure.com
4155,business-standard.com
4156,instana.io
4157,hostedrmm.com
4158,archdaily.com
4159,awsdns-54.com
4160,google.com.ec
4161,dexscreener.com
4162,byteimg.com
4163,lahuashanbx.com
4164,google.co.uz
4165,ezoic.net
4166,wsimg.com
4167,terabox.com
4168,qq.com.cn
4169,google.com.do
4170,pinterest.co.uk
4171,unfccc.int
4172,meesho.com
4173,truoptik.com
4174,coindesk.com
4175,ctdcdn.com
4176,uniview.com
4177,etrade.com
4178,vaticannews.va
4179,dotmetrics.net
4180,casio.com
4181,onegg.site
4182,rixengine.com
4183,usf.edu
4184,marksandspencer.com
4185,sway.com
4186,exacttarget.com
4187,gnome.org
4188,coveo.com
4189,dickssportinggoods.com
4190,nic.online
4191,operacdn.com
4192,awsdns-62.com
4193,weibocdn.com
4194,grok.com
4195,sky.it
4196,awsdns-07.com
4197,pantheonsite.io
4198,swiftycdn.net
4199,rapidssl.com
4200,awsdns-40.com
4201,cloud.ru
4202,azure-dns.info
4203,kroger.com
4204,metoffice.gov.uk
4205,miibeian.gov.cn
4206,groupon.com
4207,faa.gov
4208,preply.com
4209,maticooads.com
4210,365scores.com
4211,17u.cn
4212,eyeo.com
4213,qiniudns.com
4214,lycos.com
4215,raspberrypi.org
4216,hotstar.com
4217,dramaboxdb.com
4218,awsdns-19.com
4219,activemetering.com
4220,ow.ly
4221,phpbb.com
4222,awsdns-51.com
4223,amazon.ae
4224,nrk.no
4225,estadao.com.br
4226,kompas.com
4227,hubpages.com
4228,cnrs.fr
4229,mullvad.net
4230,sitemaps.org
4231,bbcgoodfood.com
4232,threema.ch
4233,awsdns-48.com
4234,walmartimages.com
4235,securly.com
4236,outlookindia.com
4237,arbeitsagentur.de
4238,awsdns-26.com
4239,apachelounge.com
4240,scarabresearch.com
4241,hdslb.com
4242,gdms.cloud
4243,bluestacks.com
4244,iotbing.com
4245,yougile.com
4246,virginia.gov
4247,ebaystatic.com
4248,kia.com
4249,syncthing.net
4250,alamy.com
4251,hackaday.com
4252,iu.edu
4253,ustream.tv
4254,coxautoinc.com
4255,scw.cloud
4256,cwi.nl
4257,farpost.ru
4258,awsdns-45.com
4259,realestate.com.au
4260,awsdns-24.com
4261,iq.com
4262,sparteo.com
4263,ngxcld.com
4264,udn.com
4265,farfetch.com
4266,20minutes.fr
4267,peatix.com
4268,qihucdn.com
4269,cengage.com
4270,razerzone.com
4271,telefonica.com
4272,venmo.com
4273,bb.com.br
4274,squid-cache.org
4275,uoregon.edu
4276,miamiherald.com
4277,awsdns-21.com
4278,nextdns.io
4279,bank.in
4280,vigo.ru
4281,google.az
4282,s2517.com
4283,bluecava.com
4284,jwpsrv.com
4285,redditspace.com
4286,awsdns-61.com
4287,mango.com
4288,joinmassive.com
4289,appnext.com
4290,ou.edu
4291,google.ge
4292,www.gov.pl
4293,radiofrance.fr
4294,mac.com
4295,usp.br
4296,dataprivacyframework.gov
4297,google.iq
4298,modrinth.com
4299,pixlr.com
4300,custhelp.com
4301,mojang.com
4302,robin-flow.com
4303,sbixby.com
4304,match.com
4305,gitee.com
4306,aruba.it
4307,nominaltechno.com
4308,sberdevices.ru
4309,techsmith.com
4310,abb.com
4311,bsclink.cn
4312,concursolutions.com
4313,thunderbird.net
4314,bngf.ru
4315,amplify.com
4316,ibosscloud.com
4317,producthunt.com
4318,firstbytedns.net
4319,barracuda.com
4320,serasa.com.br
4321,adtidy.org
4322,consentmanager.net
4323,ricta.org.rw
4324,awsdns-33.com
4325,fastly-masque.net
4326,linecorp.com
4327,awsdns-46.com
4328,homestead.com
4329,legislation.gov.uk
4330,adspower.net
4331,biglobe.ne.jp
4332,transip.nl
4333,dittoparty.com
4334,awsdns-36.com
4335,castbox.fm
4336,google.co.ke
4337,collider.com
4338,ck-ie.com
4339,xlgmedia.com
4340,newsroom.bi
4341,sfr.fr
4342,officedepot.com
4343,oxylabs.io
4344,mimecast.net
4345,lightboxcdn.com
4346,pyrus.com
4347,drift.com
4348,uuidksinc.net
4349,flipsnack.com
4350,zlib.net
4351,awsdns-63.com
4352,quad9.net
4353,opentable.com
4354,bongsterpong.com
4355,sndcdn.com
4356,tripongle.com
4357,computerworld.com
4358,atg.se
4359,ap.org
4360,blippington.com
4361,wallpapers.com
4362,a1q7.net
4363,tcgplayer.com
4364,google.sk
4365,ualberta.ca
4366,trasping.com
4367,google.co.ma
4368,trulia.com
4369,udel.edu
4370,af.mil
4371,bidderstack.com
4372,lululemon.com
4373,aaa.com
4374,dns.eu
4375,faceit.com
4376,everydayhealth.com
4377,newegg.com
4378,federalreserve.gov
4379,tlivesource.com
4380,index.hu
4381,awsdns-25.com
4382,snigelweb.com
4383,tplinkra.com
4384,cnr.it
4385,op.gg
4386,boardgamegeek.com
4387,lifewire.com
4388,dtvce.com
4389,wwd.com
4390,co.com
4391,wordfence.com
4392,ubs.com
4393,buffer.com
4394,iol.co.za
4395,derstandard.at
4396,ndash.net
4397,google.com.kh
4398,marinetraffic.com
4399,foreignpolicy.com
4400,infogram.com
4401,adsensecustomsearchads.com
4402,thenextweb.com
4403,galaxydata.ru
4404,awsdns-44.com
4405,google.com.py
4406,opensea.io
4407,awsdns-37.com
4408,gmx.de
4409,ultradns.biz
4410,dominos.com
4411,fnac.com
4412,swr.de
4413,google.com.qa
4414,codeium.com
4415,purl.org
4416,merchant-center-analytics.goog
4417,google.com.kw
4418,zappos.com
4419,reference.com
4420,bustle.com
4421,akasripcn.net
4422,nic.fr
4423,nyt.com
4424,wsu.edu
4425,tabletcaptiveportal.com
4426,ndmdhs.com
4427,appiersig.com
4428,queniuiq.com
4429,douyinpic.com
4430,alexa.com
4431,adyen.com
4432,boutell.co.uk
4433,wpadmngr.com
4434,kxcdn.com
4435,awsdns-15.com
4436,telegraaf.nl
4437,lastampa.it
4438,pbase.com
4439,evgnet.com
4440,teachable.com
4441,mailerlite.com
4442,todoist.com
4443,msn.cn
4444,searchengineland.com
4445,second-ns.com
4446,awsdns-58.com
4447,epam.com
4448,imo.im
4449,unsw.edu.au
4450,ondemand.com
4451,gamestop.com
4452,hyundai.com
4453,snowflakecomputing.com
4454,changeip.com
4455,cars.com
4456,docusign.com
4457,nflximg.net
4458,jfrog.io
4459,proxmox.com
4460,greenhouse.io
4461,dotvndns.vn
4462,dnse5.com
4463,247sports.com
4464,shopifycloud.com
4465,dianping.com
4466,handelsblatt.com
4467,domain.com
4468,captcha-delivery.com
4469,softpedia.com
4470,newgrounds.com
4471,boutell.com
4472,google.tm
4473,pin.it
4474,diigo.com
4475,awsdns-01.com
4476,kunlunhuf.com
4477,google.com.mm
4478,feednews.com
4479,boxofficemojo.com
4480,asics.com
4481,tf1.fr
4482,trs-dns.net
4483,puma.com
4484,knowbe4.com
4485,aeroflot.ru
4486,vistaprint.com
4487,pavv.co.kr
4488,auth0app.com
4489,survicate.com
4490,usmagazine.com
4491,mobiuspace.net
4492,nespresso.com
4493,ntp-fireos.com
4494,cisa.gov
4495,ltguevmavv.com
4496,liveinternet.ru
4497,skyscanner.net
4498,gamma.app
4499,baidu.hk
4500,vivint.ai
4501,warthunder.com
4502,trouble-free.net
4503,douyinvod.com
4504,experian.com
4505,dbankcloud.asia
4506,geoipcheck.com
4507,nic.de
4508,activtrak.net
4509,trs-dns.com
4510,awsdns-53.com
4511,awsdns-05.com
4512,ladbrokes.com
4513,talkie-ai.com
4514,google.lv
4515,blackrock.com
4516,zee5.com
4517,deere.com
4518,flingo.tv
4519,google.lt
4520,therealreal.com
4521,upi.com
4522,anu.edu.au
4523,cloudflare-gateway.com
4524,cointelegraph.com
4525,priceline.com
4526,eldiario.es
4527,awsdns-14.com
4528,namebright.com
4529,verisign.net
4530,redgifs.com
4531,usaa.com
4532,twingate.com
4533,dyndns.com
4534,dazn.com
4535,pinduoduo.com
4536,shawcable.net
4537,judge.me
4538,amazon.se
4539,timesnownews.com
4540,omniroot.com
4541,libero.it
4542,spectrum.net
4543,ipvanish.com
4544,eclipse.org
4545,desync.com
4546,westernunion.com
4547,oxfordjournals.org
4548,secondlife.com
4549,sanity.io
4550,abebooks.com
4551,doxygen.org
4552,pa.gov
4553,ana.co.jp
4554,awsdns-31.com
4555,kaiserpermanente.org
4556,opencopy.homes
4557,mktoresp.com
4558,kraken.com
4559,tdatamaster.com
4560,getbeamer.com
4561,turnitin.com
4562,salesforce-scrt.com
4563,razorpay.com
4564,docusign.net
4565,gta5-mods.com
4566,parentsquare.com
4567,ahajournals.org
4568,worldtimeserver.com
4569,awsdns-06.com
4570,awsdns-17.com
4571,de.net
4572,icio.us
4573,mexc.com
4574,ezydomain.com
4575,brandbucket.com
4576,awsdns-55.com
4577,paycomonline.net
4578,dcloudstc.com
4579,eastmoney.com
4580,swiggy.com
4581,propublica.org
4582,wampserver.com
4583,openoffice.org
4584,vkusvill.ru
4585,tiktokeu-cdn.com
4586,gazeta.ru
4587,architecturaldigest.com
4588,rokt.com
4589,db.com
4590,elevenlabs.io
4591,awin1.com
4592,theregister.co.uk
4593,mo.gov
4594,ct.gov
4595,awsdns-00.com
4596,ndcpp.com
4597,aptoide.com
4598,siemens.de
4599,awsdns-56.com
4600,enacdn.net
4601,myportfolio.com
4602,navdmp.com
4603,britishairways.com
4604,jivosite.com
4605,hashicorp.com
4606,smule.com
4607,surriel.com
4608,scopus.com
4609,amazon.pl
4610,pku.edu.cn
4611,crypto.com
4612,zscalerbeta.net
4613,nordstrom.com
4614,midjourney.com
4615,tribunnews.com
4616,fotor.com
4617,go.dev
4618,browser-intake-us5-datadoghq.com
4619,npmjs.org
4620,seagate.com
4621,jivo.ru
4622,google.com.cy
4623,prf.hn
4624,draftkings.com
4625,veeam.com
4626,app-us1.com
4627,comicbook.com
4628,google.co.cr
4629,xhamsterlive.com
4630,colostate.edu
4631,gazeta.pl
4632,telenet.be
4633,telstra.com
4634,project-limelight.com
4635,tiktokpangle-cdn-us.com
4636,bdurl.net
4637,eufylife.com
4638,novotelecom.ru
4639,u6125a.cc
4640,kinoafisha.info
4641,tclking.com
4642,dwin1.com
4643,mts.by
4644,medtronic.com
4645,usg.edu
4646,myqnapcloud.com
4647,uservoice.com
4648,canadiantire.ca
4649,pchome.com.tw
4650,streamable.com
4651,jito.wtf
4652,gfx.ms
4653,moatads.com
4654,vercel-dns-016.com
4655,libpng.org
4656,gitlab.io
4657,worldometers.info
4658,sportskeeda.com
4659,swrve.com
4660,heytapdownload.com
4661,x5.ru
4662,widgetable.net
4663,cloudlinux.com
4664,relaysteering.com
4665,nsf.gov
4666,host-food.ru
4667,pingdom.net
4668,schwab.tech
4669,cms.gov
4670,neilpatel.com
4671,myworkdayjobs.com
4672,pscp.tv
4673,milanuncios.com
4674,xiaoyi.com
4675,eagllwin.com
4676,msdn.com
4677,g2.com
4678,vonedge.com
4679,hudl.com
4680,prom.ua
4681,msdmanuals.com
4682,termly.io
4683,sape.ru
4684,awsdns-57.com
4685,jcpenney.com
4686,awsdns-23.com
4687,expressvpn.com
4688,mydlink.com
4689,constellix.net
4690,mhlw.go.jp
4691,samsungotn.net
4692,volvocars.com
4693,ttdns3.com
4694,withings.net
4695,gmx.com
4696,francebleu.fr
4697,deccanherald.com
4698,dattobackup.com
4699,flysleep.cn
4700,fmb.la
4701,gitv.tv
4702,bangcdn.net
4703,localytics.com
4704,knowyourmeme.com
4705,pravda.ru
4706,reasonsecurity.com
4707,asuscomm.com
4708,goo.ne.jp
4709,huaweicloud-dns.com
4710,youngjoygame.com
4711,oppo.com
4712,c-msedge.net
4713,blackboard.com
4714,mux.com
4715,readthedocs.org
4716,theiconic.com.au
4717,cdn-tinkoff.ru
4718,net-line.pro
4719,linewize.net
4720,nexx360.io
4721,pagesix.com
4722,baishan-cloud.net
4723,svt.se
4724,awsdns-38.com
4725,zohopublic.com
4726,torproject.org
4727,wscdns.com
4728,awsdns-18.com
4729,elstc.co
4730,websupport.sk
4731,vidio.com
4732,monetate.net
4733,js.org
4734,pushd.com
4735,pagesjaunes.fr
4736,immobilienscout24.de
4737,pragmaticplaylive.net
4738,sina.cn
4739,youversionapi.com
4740,nationalacademies.org
4741,githubcopilot.com
4742,carrd.co
4743,valve.net
4744,btinternet.com
4745,vnn.vn
4746,okko.tv
4747,filezilla-project.org
4748,zetaglobal.io
4749,dnsv1.com.cn
4750,uq.edu.au
4751,volcfcdndvs1.com
4752,ebay.com.au
4753,sl.pt
4754,awsdns-10.net
4755,wizzair.com
4756,google.by
4757,gesetze-im-internet.de
4758,denverpost.com
4759,1cbit.ru
4760,zencdn.net
4761,pch.com
4762,memcached.org
4763,dallasnews.com
4764,etherscan.io
4765,liverpoolecho.co.uk
4766,126.net
4767,itunes.com
4768,cntraveler.com
4769,pbstck.com
4770,sbcglobal.net
4771,awsdns-28.com
4772,self.com
4773,dnsdomen.com
4774,prismaaccess.com
4775,brdtnet.com
4776,searchenginejournal.com
4777,bleacherreport.com
4778,awsdns-04.com
4779,srf.ch
4780,blooket.com
4781,packagist.org
4782,adlightning.com
4783,rozetka.com.ua
4784,jal.co.jp
4785,uni.rest
4786,akamaistream.net
4787,trafcfy.com
4788,aa.com.tr
4789,tradedoubler.com
4790,antibanads.com
4791,skechers.com
4792,adzerk.net
4793,html-load.com
4794,businessweek.com
4795,minecraft-services.net
4796,callofduty.com
4797,pcre.org
4798,rome2rio.com
4799,sacdnssedge.com
4800,ad-tech.ru
4801,gjhyss.com
4802,pinterest.net
4803,17track.net
4804,ctecdn.cn
4805,ispconfig.org
4806,massmutual.com
4807,akadns99.net
4808,pure.cloud
4809,rice.edu
4810,dmm.com
4811,weborama-tech.ru
4812,xda-developers.com
4813,p-n.io
4814,fujitsu.com
4815,zmcyu9ypy.com
4816,csmonitor.com
4817,sfmc-content.com
4818,spec.org
4819,kobo.com
4820,azcentral.com
4821,mantraonline.com
4822,elcorteingles.es
4823,vcmdiawe.com
4824,charter.com
4825,ecombdapi.com
4826,trafficjunky.com
4827,amung.us
4828,mercadopago.com.br
4829,manualslib.com
4830,ropro.io
4831,impression.link
4832,algolianet.com
4833,ama-assn.org
4834,livedns.co.uk
4835,mvideo.ru
4836,powerschool.com
4837,mrktmtrcs.net
4838,piojm.tech
4839,vmailru.net
4840,awsdns-32.com
4841,aliapp.org
4842,kasperskylabs.com
4843,simperium.com
4844,michelin.com
4845,sicredi.com.br
4846,theage.com.au
4847,overleaf.com
4848,paysafecard.com
4849,study.com
4850,nj.gov
4851,frameo.net
4852,eloqua.com
4853,nd.edu
4854,ebay.ca
4855,dnacdn.net
4856,bible.com
4857,chromium.org
4858,rp-online.de
4859,indriverapp.com
4860,hola.com
4861,samsung-gamelauncher.com
4862,blender.org
4863,vps-vids.com
4864,youdao.com
4865,china.com.cn
4866,blogspot.de
4867,keenetic.ru
4868,ipapi.co
4869,powerplatform.com
4870,nifty.com
4871,sainsburys.co.uk
4872,principal.com
4873,cloudlinks.cn
4874,economictimes.com
4875,freshworks.com
4876,apartments.com
4877,androidauthority.com
4878,disney.co.jp
4879,srmdata.com
4880,incognia.com
4881,rogers.com
4882,tinder.com
4883,rae.es
4884,yutex.ru
4885,1337x.to
4886,impact.com
4887,themsic.com
4888,washingtontimes.com
4889,gzip.org
4890,awsdns-50.com
4891,replit.com
4892,emirates.com
4893,etoote.com
4894,webengage.com
4895,salesforce-dns.com
4896,vc.ru
4897,bcg.com
4898,byu.edu
4899,nuancemobility.net
4900,wetteronline.de
4901,ntv.co.jp
4902,nhl.com
4903,20min.ch
4904,youboranqs01.com
4905,fotmob.com
4906,hgtv.com
4907,williamhill.com
4908,parents.com
4909,leadconnectorhq.com
4910,infoseek.co.jp
4911,2kcoretech.online
4912,iso.ch
4913,nsc.ru
4914,ghost.org
4915,dji.com
4916,lapresse.ca
4917,wsukwai.com
4918,yango.com
4919,eia.gov
4920,hereapi.com
4921,gameloft.com
4922,theepochtimes.com
4923,yr.no
4924,kijiji.ca
4925,sophosxl.net
4926,autoevolution.com
4927,videoamp.com
4928,stratoserver.net
4929,bmwgroup.com
4930,d-net.pro
4931,musical.ly
4932,judns.com
4933,google.rs
4934,cernet.net
4935,xmlsoft.org
4936,ibtimes.com
4937,telkomsel.com
4938,vapp-servers.com
4939,hardened-php.net
4940,betano.com
4941,stabletransit.com
4942,wuporg.com
4943,nic.my
4944,autozone.com
4945,twinrdengine.com
4946,swarovski.com
4947,interfax.ru
4948,moma.org
4949,uplynk.com
4950,archive.is
4951,oregonlive.com
4952,poizon.com
4953,freetype.org
4954,gamebanana.com
4955,rj.link
4956,desmos.com
4957,iranlms.ir
4958,walmart.ca
4959,abc.com
4960,arte.tv
4961,uu.nl
4962,skysound7.com
4963,matchtv.ru
4964,u-tokyo.ac.jp
4965,webtoons.com
4966,megapbx.ru
4967,iptv2022.com
4968,awsdns-56.net
4969,byteeffecttos-g.com
4970,cargurus.com
4971,mentalfloss.com
4972,eltiempo.com
4973,nber.org
4974,kayak.com
4975,tripadvisor.in
4976,intermedia.net
4977,google.com.bo
4978,gslbnspk.ru
4979,awsdns-43.co.uk
4980,awsdns-57.net
4981,azurerms.com
4982,harborfreight.com
4983,thetrainline.com
4984,handle.net
4985,campaign-archive.com
4986,bytelb.net
4987,royalcaribbean.com
4988,us.org
4989,icq.com
4990,mercadopago.com
4991,glbimg.com
4992,8x8.com
4993,falconnet.app
4994,honor.com
4995,capcutstatic.com
4996,gamerant.com
4997,chinaz.com
4998,juicyads.com
4999,pretty-fly4.com
5000,4.cn
5001,cdn.house
